Date,Open,High,Low,Close,Adj Close,Volume,lag_1,lag_2,lag_3,lag_4,lag_5
2023-01-10,15.506999969482422,15.961999893188477,15.472000122070312,15.909000396728516,15.895974159240724,384101000,15.628000259399414,14.859000205993652,14.265000343322754,14.74899959564209,14.31499958
2023-01-11,15.84000015258789,16.027999877929688,15.562999725341797,16.000999450683594,15.987897872924805,353285000,15.909000396728516,15.628000259399414,14.859000205993652,14.265000343322754,14.74899959564209
2023-01-12,16.100000381469727,16.636999130249023,15.491999626159668,16.51099967956543,16.497482299804688,551409000,16.000999450683594,15.909000396728516,15.628000259399414,14.859000205993652,14.265000343322754
2023-01-13,16.277999877929688,16.922000885009766,16.165000915527344,16.89900016784668,16.885162353515625,447287000,16.51099967956543,16.000999450683594,15.909000396728516,15.628000259399414,14.859000205993652
2023-01-17,16.89900016784668,17.72800064086914,16.89900016784668,17.70199966430664,17.68750762939453,511102000,16.89900016784668,16.51099967956543,16.000999450683594,15.909000396728516,15.628000259399414
2023-01-18,17.66699981689453,17.87299919128418,17.281999588012695,17.37700080871582,17.362775802612305,439624000,17.70199966430664,16.89900016784668,16.51099967956543,16.000999450683594,15.909000396728516
2023-01-19,17.035999298095703,17.19700050354004,16.731000900268555,16.764999389648438,16.751272201538086,452932000,17.37700080871582,17.70199966430664,16.89900016784668,16.51099967956543,16.000999450683594
2023-01-20,17.01099967956543,17.856000900268555,16.825000762939453,17.839000701904297,17.82439422607422,564967000,16.764999389648438,17.37700080871582,17.70199966430664,16.89900016784668,16.51099967956543
2023-01-23,18.06399917602539,19.24500084,17.81800079345703,19.19300079345703,19.17728614807129,655163000,17.839000701904297,16.764999389648438,17.37700080871582,17.70199966430664,16.89900016784668
2023-01-24,18.82699966430664,19.49500084,18.81999969482422,19.26499938964844,19.24922752380371,496204000,19.19300079345703,17.839000701904297,16.764999389648438,17.37700080871582,17.70199966430664
2023-01-25,18.913000106811523,19.37000084,18.57999992370605,19.322999954223636,19.307178497314453,449537000,19.26499938964844,19.19300079345703,17.839000701904297,16.764999389648438,17.37700080871582
2023-01-26,19.701000213623047,20.166000366210938,19.277999877929688,19.802000045776367,19.785785675048828,489535000,19.322999954223636,19.26499938964844,19.19300079345703,17.839000701904297,16.764999389648438
2023-01-27,19.46199989318848,20.62800025939941,19.405000686645508,20.364999771118164,20.34832763671875,542142000,19.802000045776367,19.322999954223636,19.26499938964844,19.19300079345703,17.839000701904297
2023-01-30,19.950000762939453,20.13999938964844,19.149999618530277,19.16200065612793,19.14631462097168,488611000,20.364999771118164,19.802000045776367,19.322999954223636,19.26499938964844,19.19300079345703
2023-01-31,19.170000076293945,19.687000274658203,18.950000762939453,19.53700065612793,19.521005630493164,498017000,19.16200065612793,20.364999771118164,19.802000045776367,19.322999954223636,19.26499938964844
2023-02-01,19.69099998474121,21.191999435424805,19.61100006103516,20.94300079345703,20.92585563659668,660477000,19.53700065612793,19.16200065612793,20.364999771118164,19.802000045776367,19.322999954223636
2023-02-02,21.0,21.948999404907227,20.700000762939453,21.708999633789062,21.691225051879883,564276000,20.94300079345703,19.53700065612793,19.16200065612793,20.364999771118164,19.802000045776367
2023-02-03,21.0,21.74500084,20.78899955749512,21.100000381469727,21.08272361755371,429366000,21.708999633789062,20.94300079345703,19.53700065612793,19.16200065612793,20.364999771118164
2023-02-06,20.80599975585937,21.56999969482422,20.785999298095703,21.089000701904297,21.07173538208008,452197000,21.100000381469727,21.708999633789062,20.94300079345703,19.53700065612793,19.16200065612793
2023-02-07,21.381999969482425,22.25900077819824,21.149999618530277,22.17300033569336,22.154848098754883,664150000,21.089000701904297,21.100000381469727,21.708999633789062,20.94300079345703,19.53700065612793
2023-02-08,22.386999130249023,22.87800025939941,22.007999420166016,22.20499992370605,22.18682098388672,559651000,22.17300033569336,21.089000701904297,21.100000381469727,21.708999633789062,20.94300079345703
2023-02-09,22.606000900268555,23.020000457763672,22.12000084,22.33699989318848,22.31871223449707,523876000,22.20499992370605,22.17300033569336,21.089000701904297,21.100000381469727,21.708999633789062
2023-02-10,21.690000534057617,22.077999114990234,20.81100082397461,21.26499938964844,21.24758720397949,550737000,22.33699989318848,22.20499992370605,22.17300033569336,21.089000701904297,21.100000381469727
2023-02-13,21.538000106811523,22.04800033569336,20.96199989318848,21.788000106811523,21.770160675048828,474919000,21.26499938964844,22.33699989318848,22.20499992370605,22.17300033569336,21.089000701904297
2023-02-14,21.577999114990234,23.048999786376957,21.36599922180176,22.97100067138672,22.952194213867188,675474000,21.788000106811523,21.26499938964844,22.33699989318848,22.20499992370605,22.17300033569336
2023-02-15,22.548999786376957,22.854999542236328,22.106000900268555,22.763999938964844,22.74536133,420575000,22.97100067138672,21.788000106811523,21.26499938964844,22.33699989318848,22.20499992370605
2023-02-16,22.132999420166016,22.549999237060547,21.927000045776367,22.00200080871582,21.98398971557617,412026000,22.763999938964844,22.97100067138672,21.788000106811523,21.26499938964844,22.33699989318848
2023-02-17,21.631000518798828,21.739999771118164,20.975000381469727,21.38800048828125,21.37048721313477,465888000,22.00200080871582,22.763999938964844,22.97100067138672,21.788000106811523,21.26499938964844
2023-02-21,21.0,21.49399948120117,20.618000030517575,20.655000686645508,20.638090133666992,410015000,21.38800048828125,22.00200080871582,22.763999938964844,22.97100067138672,21.788000106811523
2023-02-22,20.707000732421875,21.10400009155273,20.42099952697754,20.753999710083008,20.737009048461918,513184000,20.655000686645508,21.38800048828125,22.00200080871582,22.763999938964844,22.97100067138672
2023-02-23,23.440000534057617,23.88800048828125,23.024999618530277,23.66399955749512,23.644624710083008,1117995000,20.753999710083008,20.655000686645508,21.38800048828125,22.00200080871582,22.763999938964844
2023-02-24,23.225000381469727,23.474000930786133,22.94700050354004,23.285999298095703,23.26693344116211,589716000,23.66399955749512,20.753999710083008,20.655000686645508,21.38800048828125,22.00200080871582
2023-02-27,23.670000076293945,23.87999916,23.45400047302246,23.500999450683597,23.48175621032715,452994000,23.285999298095703,23.66399955749512,20.753999710083008,20.655000686645508,21.38800048828125
2023-02-28,23.371999740600582,23.825000762939453,23.20599937438965,23.215999603271484,23.19698905944824,455963000,23.500999450683597,23.285999298095703,23.66399955749512,20.753999710083008,20.655000686645508
2023-03-01,23.191999435424805,23.256000518798828,22.507999420166016,22.697999954223636,22.67941665649414,460026000,23.215999603271484,23.500999450683597,23.285999298095703,23.66399955749512,20.753999710083008
2023-03-02,22.488000869750977,23.37999916,22.43199920654297,23.31399917602539,23.29490852355957,389415000,22.697999954223636,23.215999603271484,23.500999450683597,23.285999298095703,23.66399955749512
2023-03-03,23.31999969482422,23.899999618530277,23.12999916,23.88999938964844,23.870439529418945,412393000,23.31399917602539,22.697999954223636,23.215999603271484,23.500999450683597,23.285999298095703
2023-03-06,23.891000747680664,24.24799919128418,23.48699951171875,23.554000854492188,23.534717559814453,437429000,23.88999938964844,23.31399917602539,22.697999954223636,23.215999603271484,23.500999450683597
2023-03-07,23.600000381469727,24.125,23.24099922180176,23.288000106811523,23.272884368896484,515154000,23.554000854492188,23.88999938964844,23.31399917602539,22.697999954223636,23.215999603271484
2023-03-08,23.48699951171875,24.200000762939453,23.423999786376957,24.18099975585937,24.16530418395996,513573000,23.288000106811523,23.554000854492188,23.88999938964844,23.31399917602539,22.697999954223636
2023-03-09,24.174999237060547,24.45400047302246,23.382999420166016,23.43600082397461,23.42078971862793,501257000,24.18099975585937,23.288000106811523,23.554000854492188,23.88999938964844,23.31399917602539
2023-03-10,23.40900039672852,23.62700080871582,22.72599983215332,22.96500015258789,22.95009422302246,474866000,23.43600082397461,24.18099975585937,23.288000106811523,23.554000854492188,23.88999938964844
2023-03-13,22.75200080871582,23.29800033569336,22.29700088500977,22.965999603271484,22.951091766357425,421890000,22.96500015258789,23.43600082397461,24.18099975585937,23.288000106811523,23.554000854492188
2023-03-14,23.496000289916992,24.21899986,23.459999084472656,24.0629997253418,24.04738044738769,474910000,22.965999603271484,22.96500015258789,23.43600082397461,24.18099975585937,23.288000106811523
2023-03-15,23.76099967956543,24.285999298095703,23.36000061035156,24.22800064086914,24.21227455,524486000,24.0629997253418,22.965999603271484,22.96500015258789,23.43600082397461,24.18099975585937
2023-03-16,24.027000427246094,25.58799934387207,23.893999099731445,25.541000366210938,25.524423599243164,583253000,24.22800064086914,24.0629997253418,22.965999603271484,22.96500015258789,23.43600082397461
2023-03-17,25.98200035095215,26.39900016784668,25.667999267578125,25.725000381469727,25.708301544189453,848547000,25.541000366210938,24.22800064086914,24.0629997253418,22.965999603271484,22.96500015258789
2023-03-20,25.614999771118164,26.02400016784668,25.12999916,25.899999618530277,25.88319206237793,432747000,25.725000381469727,25.541000366210938,24.22800064086914,24.0629997253418,22.965999603271484
2023-03-21,26.18000030517578,26.392000198364254,25.381000518798828,26.198999404907227,26.18199348449707,547408000,25.899999618530277,25.725000381469727,25.541000366210938,24.22800064086914,24.0629997253418
2023-03-22,26.424999237060547,27.589000701904297,26.23699951171875,26.468000411987305,26.45081901550293,797295000,26.198999404907227,25.899999618530277,25.725000381469727,25.541000366210938,24.22800064086914
2023-03-23,27.114999771118164,27.499000549316406,26.690000534057617,27.19099998474121,27.1733512878418,564889000,26.468000411987305,26.198999404907227,25.899999618530277,25.725000381469727,25.541000366210938
2023-03-24,27.03100014,27.16699981689453,26.354999542236328,26.77899932861328,26.76161766052246,454920000,27.19099998474121,26.468000411987305,26.198999404907227,25.899999618530277,25.725000381469727
2023-03-27,26.83699989318848,27.0,26.364999771118164,26.53100014,26.51378059387207,361026000,26.77899932861328,27.19099998474121,26.468000411987305,26.198999404907227,25.899999618530277
2023-03-28,26.44700050354004,26.51300048828125,25.850000381469727,26.40999984741211,26.392858505249023,356104000,26.53100014,26.77899932861328,27.19099998474121,26.468000411987305,26.198999404907227
2023-03-29,26.825000762939453,27.077999114990234,26.597000122070312,26.983999252319336,26.96648406982422,393694000,26.40999984741211,26.53100014,26.77899932861328,27.19099998474121,26.468000411987305
2023-03-30,27.22900009155273,27.499000549316406,27.101999282836918,27.382999420166016,27.36522674560547,364516000,26.983999252319336,26.40999984741211,26.53100014,26.77899932861328,27.19099998474121
2023-03-31,27.13999938964844,27.833999633789062,27.104999542236328,27.777000427246094,27.758974075317383,433933000,27.382999420166016,26.983999252319336,26.40999984741211,26.53100014,26.77899932861328
2023-04-03,27.50900077819824,28.0,27.336000442504883,27.96500015258789,27.94684791564941,398716000,27.777000427246094,27.382999420166016,26.983999252319336,26.40999984741211,26.53100014
2023-04-04,27.965999603271484,28.0,27.30699920654297,27.452999114990234,27.435182571411133,368592000,27.96500015258789,27.777000427246094,27.382999420166016,26.983999252319336,26.40999984741211
2023-04-05,26.82900047302246,26.99799919128418,26.395000457763672,26.881000518798828,26.86355209350586,515015000,27.452999114990234,27.96500015258789,27.777000427246094,27.382999420166016,26.983999252319336
2023-04-06,26.583999633789062,27.07999992370605,26.427000045776367,27.03700065612793,27.01945304870605,397654000,26.881000518798828,27.452999114990234,27.96500015258789,27.777000427246094,27.382999420166016
2023-04-10,26.822999954223636,27.621000289916992,26.66900062561035,27.57900047302246,27.56110382080078,395279000,27.03700065612793,26.881000518798828,27.452999114990234,27.96500015258789,27.777000427246094
2023-04-11,27.724000930786133,27.790000915527344,27.125999450683597,27.16900062561035,27.15136719,314378000,27.57900047302246,27.03700065612793,26.881000518798828,27.452999114990234,27.96500015258789
2023-04-12,27.37000084,27.468000411987305,26.447999954223636,26.49500084,26.477802276611328,446259000,27.16900062561035,27.57900047302246,27.03700065612793,26.881000518798828,27.452999114990234
2023-04-13,26.733999252319336,26.886999130249023,26.32900047302246,26.46299934387207,26.445823669433597,353615000,26.49500084,27.16900062561035,27.57900047302246,27.03700065612793,26.881000518798828
2023-04-14,26.503999710083008,26.882999420166016,26.21999931335449,26.757999420166016,26.740633010864254,395660000,26.46299934387207,26.49500084,27.16900062561035,27.57900047302246,27.03700065612793
2023-04-17,26.565000534057617,27.006000518798828,26.433000564575195,27.00200080871582,26.984472274780277,321471000,26.757999420166016,26.46299934387207,26.49500084,27.16900062561035,27.57900047302246
2023-04-18,27.53300094604492,28.11000061035156,27.35700035095215,27.66699981689453,27.649044036865234,604812000,27.00200080871582,26.757999420166016,26.46299934387207,26.49500084,27.16900062561035
2023-04-19,27.36100006103516,28.0,27.23200035095215,27.93099975585937,27.912872314453125,358660000,27.66699981689453,27.00200080871582,26.757999420166016,26.46299934387207,26.49500084
2023-04-20,27.67099952697754,28.030000686645508,27.0,27.10400009155273,27.086408615112305,427713000,27.93099975585937,27.66699981689453,27.00200080871582,26.757999420166016,26.46299934387207
2023-04-21,26.95199966430664,27.183000564575195,26.722000122070312,27.11899948120117,27.101396560668945,345103000,27.10400009155273,27.93099975585937,27.66699981689453,27.00200080871582,26.757999420166016
2023-04-24,27.01300048828125,27.36599922180176,26.67099952697754,27.04199981689453,27.024452209472656,339282000,27.11899948120117,27.10400009155273,27.93099975585937,27.66699981689453,27.00200080871582
2023-04-25,27.077999114990234,27.246999740600582,26.225000381469727,26.24099922180176,26.223970413208008,378527000,27.04199981689453,27.11899948120117,27.10400009155273,27.93099975585937,27.66699981689453
2023-04-26,27.00200080871582,27.32999992370605,26.70499992370605,26.95599937438965,26.93850517272949,406337000,26.24099922180176,27.04199981689453,27.11899948120117,27.10400009155273,27.93099975585937
2023-04-27,27.363000869750977,27.49500084,26.625,27.22599983215332,27.208328247070312,377161000,26.95599937438965,26.24099922180176,27.04199981689453,27.11899948120117,27.10400009155273
2023-04-28,27.225000381469727,27.757999420166016,27.07099914550781,27.749000549316406,27.73098945617676,292216000,27.22599983215332,26.95599937438965,26.24099922180176,27.04199981689453,27.11899948120117
2023-05-01,27.84000015258789,29.058000564575195,27.780000686645508,28.90999984741211,28.89123535,570329000,27.749000549316406,27.22599983215332,26.95599937438965,26.24099922180176,27.04199981689453
2023-05-02,28.68000030517578,28.836000442504883,28.08300018310547,28.209999084472656,28.191688537597656,402730000,28.90999984741211,27.749000549316406,27.22599983215332,26.95599937438965,26.24099922180176
2023-05-03,27.84000015258789,28.367000579833984,27.472000122070312,27.802000045776367,27.783954620361328,383387000,28.209999084472656,28.90999984741211,27.749000549316406,27.22599983215332,26.95599937438965
2023-05-04,27.650999069213867,27.858999252319336,27.239999771118164,27.562000274658203,27.54411125183105,321850000,27.802000045776367,28.209999084472656,28.90999984741211,27.749000549316406,27.22599983215332
2023-05-05,27.826000213623047,28.75499916,27.731000900268555,28.68000030517578,28.6613883972168,361494000,27.562000274658203,27.802000045776367,28.209999084472656,28.90999984741211,27.749000549316406
2023-05-08,28.52199935913086,29.21999931335449,28.350000381469727,29.150999069213867,29.132078170776367,344979000,28.68000030517578,27.562000274658203,27.802000045776367,28.209999084472656,28.90999984741211
2023-05-09,28.89900016784668,28.972999572753903,28.450000762939453,28.57099914550781,28.552453994750977,314869000,29.150999069213867,28.68000030517578,27.562000274658203,27.802000045776367,28.209999084472656
2023-05-10,29.00499916,29.113000869750977,28.461000442504883,28.88500022888184,28.866254806518555,369350000,28.57099914550781,29.150999069213867,28.68000030517578,27.562000274658203,27.802000045776367
2023-05-11,28.895999908447266,28.950000762939453,28.246000289916992,28.577999114990234,28.55945205688477,322149000,28.88500022888184,28.57099914550781,29.150999069213867,28.68000030517578,27.562000274658203
2023-05-12,28.52899932861328,28.780000686645508,28.04599952697754,28.34000015258789,28.32160758972168,274222000,28.577999114990234,28.88500022888184,28.57099914550781,29.150999069213867,28.68000030517578
2023-05-15,28.507999420166016,28.96899986,28.152000427246094,28.952999114990234,28.93420791625977,293926000,28.34000015258789,28.577999114990234,28.88500022888184,28.57099914550781,29.150999069213867
2023-05-16,28.840999603271484,29.87000084,28.832000732421875,29.21299934387207,29.194040298461918,449405000,28.952999114990234,28.34000015258789,28.577999114990234,28.88500022888184,28.57099914550781
2023-05-17,29.583999633789062,30.198999404907227,29.43000030517578,30.17799949645996,30.15841293334961,432535000,29.21299934387207,28.952999114990234,28.34000015258789,28.577999114990234,28.88500022888184
2023-05-18,30.40999984741211,31.827999114990234,30.31999969482422,31.67799949645996,31.65743827819824,748725000,30.17799949645996,29.21299934387207,28.952999114990234,28.34000015258789,28.577999114990234
2023-05-19,31.535999298095703,31.57999992370605,30.916000366210938,31.263999938964844,31.24370765686035,473908000,31.67799949645996,30.17799949645996,29.21299934387207,28.952999114990234,28.34000015258789
2023-05-22,30.900999069213867,31.520000457763672,30.68000030517578,31.176000595092773,31.155765533447266,372000000,31.263999938964844,31.67799949645996,30.17799949645996,29.21299934387207,28.952999114990234
2023-05-23,31.0,31.288000106811523,30.631000518798828,30.6879997253418,30.66808319091797,356253000,31.176000595092773,31.263999938964844,31.67799949645996,30.17799949645996,29.21299934387207
2023-05-24,30.209999084472656,30.60700035095215,29.80599975585937,30.538000106811523,30.518177032470703,721419000,30.6879997253418,31.176000595092773,31.263999938964844,31.67799949645996,30.17799949645996
2023-05-25,38.52299880981445,39.47999954223633,36.63499832,37.97999954223633,37.95534896850586,1543911000,30.538000106811523,30.6879997253418,31.176000595092773,31.263999938964844,31.67799949645996
2023-05-26,37.88999938964844,39.16999816894531,37.54999923706055,38.94599914550781,38.92071914672852,714397000,37.97999954223633,30.538000106811523,30.6879997253418,31.176000595092773,31.263999938964844
2023-05-30,40.595001220703125,41.93799973,39.94900131225586,40.11100006103516,40.08497238,923401000,38.94599914550781,37.97999954223633,30.538000106811523,30.6879997253418,31.176000595092773
2023-05-31,39.48799896240234,40.29499816894531,37.821998596191406,37.83399963378906,37.80944442749024,1002580000,40.11100006103516,38.94599914550781,37.97999954223633,30.538000106811523,30.6879997253418
2023-06-01,38.48899841308594,40.04999923706055,38.34000015258789,39.77000045776367,39.74419021606445,635873000,37.83399963378906,40.11100006103516,38.94599914550781,37.97999954223633,30.538000106811523
2023-06-02,40.09700012207031,40.5,39.05799865722656,39.32699966430664,39.30147171020508,482731000,39.77000045776367,37.83399963378906,40.11100006103516,38.94599914550781,37.97999954223633
2023-06-05,38.90900039672852,39.56499862670898,38.70700073242188,39.17100143432617,39.14557647705078,396094000,39.32699966430664,39.77000045776367,37.83399963378906,40.11100006103516,38.94599914550781
2023-06-06,38.83000183105469,39.15999984741211,38.14799880981445,38.65399932861328,38.62891006469727,388729000,39.17100143432617,39.32699966430664,39.77000045776367,37.83399963378906,40.11100006103516
2023-06-07,38.915000915527344,39.499000549316406,37.35599899291992,37.47499847412109,37.45454788208008,511998000,38.65399932861328,39.17100143432617,39.32699966430664,39.77000045776367,37.83399963378906
2023-06-08,37.72399902,38.86399841308594,37.505001068115234,38.50999832,38.488990783691406,417772000,37.47499847412109,38.65399932861328,39.17100143432617,39.32699966430664,39.77000045776367
2023-06-09,39.03699875,39.71099853515625,38.56700134277344,38.77000045776367,38.74884796142578,427717000,38.50999832,37.47499847412109,38.65399932861328,39.17100143432617,39.32699966430664
2023-06-12,39.20000076293945,39.52999877929688,38.61800003051758,39.48199844360352,39.46045303344727,388701000,38.77000045776367,38.50999832,37.47499847412109,38.65399932861328,39.17100143432617
2023-06-13,40.18600082397461,41.10100173950195,39.74000168,41.02199935913086,40.99961471557617,613208000,39.48199844360352,38.77000045776367,38.50999832,37.47499847412109,38.65399932861328
2023-06-14,40.82400131225586,43.0,40.55199813842773,42.99700164794922,42.973541259765625,740465000,41.02199935913086,39.48199844360352,38.77000045776367,38.50999832,37.47499847412109
2023-06-15,42.60200119018555,43.28900146484375,42.14699935913086,42.65299987792969,42.629730224609375,568622000,42.99700164794922,41.02199935913086,39.48199844360352,38.77000045776367,38.50999832
2023-06-16,43.45000076293945,43.72100067138672,42.6609993,42.69200134277344,42.668704986572266,655709000,42.65299987792969,42.99700164794922,41.02199935913086,39.48199844360352,38.77000045776367
2023-06-20,42.99800109863281,43.99000168,42.67399978637695,43.80799865722656,43.78409194946289,451153000,42.69200134277344,42.65299987792969,42.99700164794922,41.02199935913086,39.48199844360352
2023-06-21,43.5009994506836,43.61500168,42.08000183105469,43.04499816894531,43.021514892578125,551603000,43.80799865722656,42.69200134277344,42.65299987792969,42.99700164794922,41.02199935913086
2023-06-22,42.25299835205078,43.42599868774414,42.23400115966797,43.025001525878906,43.00152587890625,417737000,43.04499816894531,43.80799865722656,42.69200134277344,42.65299987792969,42.99700164794922
2023-06-23,42.4640007,42.80899810791016,42.01499938964844,42.20899963378906,42.18597030639648,358140000,43.025001525878906,43.04499816894531,43.80799865722656,42.69200134277344,42.65299987792969
2023-06-26,42.46099853515625,42.76399993896485,40.09999847412109,40.63199996948242,40.60982894897461,594322000,42.20899963378906,43.025001525878906,43.04499816894531,43.80799865722656,42.69200134277344
2023-06-27,40.79899978637695,41.93999862670898,40.448001861572266,41.8759994506836,41.853153228759766,462175000,40.63199996948242,42.20899963378906,43.025001525878906,43.04499816894531,43.80799865722656
2023-06-28,40.65999984741211,41.845001220703125,40.51800155639648,41.117000579833984,41.09456253051758,582639000,41.8759994506836,40.63199996948242,42.20899963378906,43.025001525878906,43.04499816894531
2023-06-29,41.55799865722656,41.59999847412109,40.59999847412109,40.821998596191406,40.79972457885742,380514000,41.117000579833984,41.8759994506836,40.63199996948242,42.20899963378906,43.025001525878906
2023-06-30,41.68000030517578,42.54999923706055,41.5009994506836,42.30199813842773,42.27891922,501148000,40.821998596191406,41.117000579833984,41.8759994506836,40.63199996948242,42.20899963378906
2023-07-03,42.516998291015625,42.89799880981445,42.20199966430664,42.41299819946289,42.38985443115234,198209000,42.30199813842773,40.821998596191406,41.117000579833984,41.8759994506836,40.63199996948242
2023-07-05,42.13499832,43.17699813842773,42.084999084472656,42.31700134277344,42.29391098022461,323618000,42.41299819946289,42.30199813842773,40.821998596191406,41.117000579833984,41.8759994506836
2023-07-06,41.84400177001953,42.17900085449219,41.34600067138672,42.10300064086914,42.08002853393555,303582000,42.31700134277344,42.41299819946289,42.30199813842773,40.821998596191406,41.117000579833984
2023-07-07,42.321998596191406,43.2140007,42.18000030517578,42.50299835205078,42.47980499267578,355881000,42.10300064086914,42.31700134277344,42.41299819946289,42.30199813842773,40.821998596191406
2023-07-10,42.65700149536133,42.81100082397461,41.64899826049805,42.18000030517578,42.15698242,353908000,42.50299835205078,42.10300064086914,42.31700134277344,42.41299819946289,42.30199813842773
2023-07-11,42.48099899291992,42.757999420166016,42.06700134277344,42.40499877929688,42.3818588256836,298244000,42.18000030517578,42.50299835205078,42.10300064086914,42.31700134277344,42.41299819946289
2023-07-12,43.03300094604492,43.935001373291016,42.777000427246094,43.902000427246094,43.87804412841797,481277000,42.40499877929688,42.18000030517578,42.50299835205078,42.10300064086914,42.31700134277344
2023-07-13,44.51800155639648,46.15499877929688,44.492000579833984,45.97700119018555,45.95191192626953,478204000,43.902000427246094,42.40499877929688,42.18000030517578,42.50299835205078,42.10300064086914
2023-07-14,46.58300018310547,48.08800125,45.060001373291016,45.46900177001953,45.44419097900391,772075000,45.97700119018555,43.902000427246094,42.40499877929688,42.18000030517578,42.50299835205078
2023-07-17,46.28900146484375,46.49599838256836,45.262001037597656,46.46099853515625,46.43564987182617,510488000,45.46900177001953,45.97700119018555,43.902000427246094,42.40499877929688,42.18000030517578
2023-07-18,46.70100021362305,47.89599990844727,45.73400115966797,47.49399948120117,47.46808624267578,569164000,46.46099853515625,45.46900177001953,45.97700119018555,43.902000427246094,42.40499877929688
2023-07-19,47.4640007,47.81800079345703,46.742000579833984,47.07699966430664,47.05131530761719,427502000,47.49399948120117,46.46099853515625,45.46900177001953,45.97700119018555,43.902000427246094
2023-07-20,46.50699996948242,47.08700180053711,45.06200027,45.52000045776367,45.49516296386719,537865000,47.07699966430664,47.49399948120117,46.46099853515625,45.46900177001953,45.97700119018555
2023-07-21,45.78799819946289,45.86600112915039,44.09999847412109,44.30899810791016,44.28482055664063,963769000,45.52000045776367,47.07699966430664,47.49399948120117,46.46099853515625,45.46900177001953
2023-07-24,44.73099899291992,45.10900115966797,44.040000915527344,44.61199951171875,44.58766174316406,382516000,44.30899810791016,45.52000045776367,47.07699966430664,47.49399948120117,46.46099853515625
2023-07-25,44.94100189208984,46.18299865722656,44.92300033569336,45.67900085449219,45.654075622558594,348081000,44.61199951171875,44.30899810791016,45.52000045776367,47.07699966430664,47.49399948120117
2023-07-26,46.02099990844727,46.053001403808594,44.630001068115234,45.45199966430664,45.42720413208008,364237000,45.67900085449219,44.61199951171875,44.30899810791016,45.52000045776367,47.07699966430664
2023-07-27,46.51900100708008,47.39500045776367,45.75,45.900001525878906,45.87495803833008,455976000,45.45199966430664,45.67900085449219,44.61199951171875,44.30899810791016,45.52000045776367
2023-07-28,46.667999267578125,47.027000427246094,46.38100051879883,46.75,46.72449493408203,331194000,45.900001525878906,45.45199966430664,45.67900085449219,44.61199951171875,44.30899810791016
2023-07-31,46.75400161743164,47.130001068115234,46.50600051879883,46.729000091552734,46.70350266,251055000,46.75,45.900001525878906,45.45199966430664,45.67900085449219,44.61199951171875
2023-08-01,46.459999084472656,46.900001525878906,46.027000427246094,46.50699996948242,46.48162460327149,237858000,46.729000091552734,46.75,45.900001525878906,45.45199966430664,45.67900085449219
2023-08-02,45.83100128173828,45.84000015258789,43.387001037597656,44.26900100708008,44.244850158691406,530142000,46.50699996948242,46.729000091552734,46.75,45.900001525878906,45.45199966430664
2023-08-03,43.79999923706055,45.11800003051758,43.79999923706055,44.51499938964844,44.49071121,324176000,44.26900100708008,46.50699996948242,46.729000091552734,46.75,45.900001525878906
2023-08-04,44.98500061035156,45.641998291015625,44.39300155639648,44.68000030517578,44.65561676025391,362666000,44.51499938964844,44.26900100708008,46.50699996948242,46.729000091552734,46.75
2023-08-07,45.11100006103516,45.540000915527344,44.56299973,45.41699981689453,45.392215728759766,322154000,44.68000030517578,44.51499938964844,44.26900100708008,46.50699996948242,46.729000091552734
2023-08-08,44.85300064086914,45.242000579833984,44.055999755859375,44.66400146484375,44.63964080810547,353843000,45.41699981689453,44.68000030517578,44.51499938964844,44.26900100708008,46.50699996948242
2023-08-09,44.27399826049805,44.31200027,42.13399887084961,42.55400085449219,42.53078079223633,586449000,44.66400146484375,45.41699981689453,44.68000030517578,44.51499938964844,44.26900100708008
2023-08-10,42.15999984741211,43.57400131225586,41.834999084472656,42.38800048828125,42.36487579345703,492705000,42.55400085449219,44.66400146484375,45.41699981689453,44.68000030517578,44.51499938964844
2023-08-11,41.7509994506836,42.01800155639648,40.63899993896485,40.85499954223633,40.832706451416016,533085000,42.38800048828125,42.55400085449219,44.66400146484375,45.41699981689453,44.68000030517578
2023-08-14,40.48600006103516,43.79999923706055,40.31100082397461,43.75299835205078,43.72912598,690286000,40.85499954223633,42.38800048828125,42.55400085449219,44.66400146484375,45.41699981689453
2023-08-15,44.560001373291016,45.26800155639648,43.709999084472656,43.93999862670898,43.91602325439453,676512000,43.75299835205078,40.85499954223633,42.38800048828125,42.55400085449219,44.66400146484375
2023-08-16,44.52000045776367,44.67499923706055,43.40599822998047,43.48600006103516,43.46227264404297,527451000,43.93999862670898,43.75299835205078,40.85499954223633,42.38800048828125,42.55400085449219
2023-08-17,43.970001220703125,44.06200027,43.0009994506836,43.34400177001953,43.32034683227539,452395000,43.48600006103516,43.93999862670898,43.75299835205078,40.85499954223633,42.38800048828125
2023-08-18,42.63499832,43.57799911499024,41.65999984741211,43.29899978637695,43.27537155151367,583768000,43.34400177001953,43.48600006103516,43.93999862670898,43.75299835205078,40.85499954223633
2023-08-21,44.49399948120117,47.06499862670898,44.22200012207031,46.96699905395508,46.94137191772461,692573000,43.29899978637695,43.34400177001953,43.48600006103516,43.93999862670898,43.75299835205078
2023-08-22,48.13499832,48.18700027,45.33300018310547,45.667999267578125,45.64308166503906,755293000,46.96699905395508,43.29899978637695,43.34400177001953,43.48600006103516,43.93999862670898
2023-08-23,45.86600112915039,47.20000076293945,45.20800018310547,47.11600112915039,47.090293884277344,779046000,45.667999267578125,46.96699905395508,43.29899978637695,43.34400177001953,43.48600006103516
2023-08-24,50.21599960327149,50.26599884033203,47.15900039672852,47.16299819946289,47.13726806640625,1156044000,47.11600112915039,45.667999267578125,46.96699905395508,43.29899978637695,43.34400177001953
2023-08-25,47.012001037597656,47.80500030517578,45.02399826049805,46.01800155639648,45.99288558959961,925341000,47.16299819946289,47.11600112915039,45.667999267578125,46.96699905395508,43.29899978637695
2023-08-28,46.48199844360352,46.97999954223633,44.88800048828125,46.834999084472656,46.80944442749024,685192000,46.01800155639648,47.16299819946289,47.11600112915039,45.667999267578125,46.96699905395508
2023-08-29,46.66600036621094,49.08100128173828,46.39099884033203,48.78400039672852,48.75738143920898,701397000,46.834999084472656,46.01800155639648,47.16299819946289,47.11600112915039,45.667999267578125
2023-08-30,49.04399871826172,49.92699813842773,48.42499923706055,49.26399993896485,49.23712539672852,735206000,48.78400039672852,46.834999084472656,46.01800155639648,47.16299819946289,47.11600112915039
2023-08-31,49.380001068115234,49.74399948120117,48.95800018310547,49.35499954223633,49.32807540893555,528570000,49.26399993896485,48.78400039672852,46.834999084472656,46.01800155639648,47.16299819946289
2023-09-01,49.762001037597656,49.79999923706055,48.141998291015625,48.50899887084961,48.4825325,463830000,49.35499954223633,49.26399993896485,48.78400039672852,46.834999084472656,46.01800155639648
2023-09-05,48.22299957275391,48.85100173950195,47.86000061035156,48.54800033569336,48.521514892578125,382653000,48.50899887084961,49.35499954223633,49.26399993896485,48.78400039672852,46.834999084472656
2023-09-06,48.44100189208984,48.54899978637695,46.58000183105469,47.06100082397461,47.03919601,468670000,48.54800033569336,48.50899887084961,49.35499954223633,49.26399993896485,48.78400039672852
2023-09-07,45.525001525878906,46.34400177001953,45.152000427246094,46.24100112915039,46.219573974609375,433330000,47.06100082397461,48.54800033569336,48.50899887084961,49.35499954223633,49.26399993896485
2023-09-08,45.94200134277344,46.60599899291992,45.27099990844727,45.571998596191406,45.55088806152344,473069000,46.24100112915039,47.06100082397461,48.54800033569336,48.50899887084961,49.35499954223633
2023-09-11,46.14799880981445,46.16299819946289,44.31200027,45.178001403808594,45.15706634521485,473966000,45.571998596191406,46.24100112915039,47.06100082397461,48.54800033569336,48.50899887084961
2023-09-12,44.73799896240234,45.67300033569336,44.53099822998047,44.869998931884766,44.849212646484375,349256000,45.178001403808594,45.571998596191406,46.24100112915039,47.06100082397461,48.54800033569336
2023-09-13,44.59999847412109,45.93000030517578,44.50299835205078,45.48500061035156,45.46393203735352,398355000,44.869998931884766,45.178001403808594,45.571998596191406,46.24100112915039,47.06100082397461
2023-09-14,45.95000076293945,45.98699951171875,45.13100051879883,45.58100128173828,45.55988311767578,370097000,45.48500061035156,44.869998931884766,45.178001403808594,45.571998596191406,46.24100112915039
2023-09-15,45.34099960327149,45.59899902,43.80799865722656,43.900001525878906,43.879661560058594,506831000,45.58100128173828,45.48500061035156,44.869998931884766,45.178001403808594,45.571998596191406
2023-09-18,42.74800109863281,44.242000579833984,42.0,43.96599960327149,43.94562530517578,500271000,43.900001525878906,45.58100128173828,45.48500061035156,44.869998931884766,45.178001403808594
2023-09-19,43.83300018310547,43.96599960327149,43.00199890136719,43.52000045776367,43.49983596801758,373064000,43.96599960327149,43.900001525878906,45.58100128173828,45.48500061035156,44.869998931884766
2023-09-20,43.59999847412109,43.90299987792969,42.22299957275391,42.23899841308594,42.21943283081055,367108000,43.52000045776367,43.96599960327149,43.900001525878906,45.58100128173828,45.48500061035156
2023-09-21,41.58300018310547,42.09999847412109,40.97999954223633,41.016998291015625,40.99799728393555,450736000,42.23899841308594,43.52000045776367,43.96599960327149,43.900001525878906,45.58100128173828
2023-09-22,41.571998596191406,42.11500168,41.23099899291992,41.61000061035156,41.59072113037109,479236000,41.016998291015625,42.23899841308594,43.52000045776367,43.96599960327149,43.900001525878906
2023-09-25,41.59099960327149,42.5359993,41.17699813842773,42.22200012207031,42.20244216918945,419091000,41.61000061035156,41.016998291015625,42.23899841308594,43.52000045776367,43.96599960327149
2023-09-26,42.0009994506836,42.81999969482422,41.65499877929688,41.9109993,41.89158248901367,402282000,42.22200012207031,41.61000061035156,41.016998291015625,42.23899841308594,43.52000045776367
2023-09-27,42.33000183105469,42.87200164794922,41.62900161743164,42.46799850463867,42.44832229614258,444935000,41.9109993,42.22200012207031,41.61000061035156,41.016998291015625,42.23899841308594
2023-09-28,42.459999084472656,43.44599914550781,42.11500168,43.0890007,43.069034576416016,424663000,42.46799850463867,41.9109993,42.22200012207031,41.61000061035156,41.016998291015625
2023-09-29,43.82699966430664,44.14400100708008,43.30699920654297,43.499000549316406,43.47885513305664,397830000,43.0890007,42.46799850463867,41.9109993,42.22200012207031,41.61000061035156
2023-10-02,44.02999877929688,45.17499923706055,43.86100006103516,44.78200149536133,44.7612533569336,433298000,43.499000549316406,43.0890007,42.46799850463867,41.9109993,42.22200012207031
2023-10-03,44.80799865722656,45.130001068115234,43.24599838256836,43.516998291015625,43.49683380126953,470850000,44.78200149536133,43.499000549316406,43.0890007,42.46799850463867,41.9109993
2023-10-04,43.742000579833984,44.14300155639648,43.29199981689453,44.04100036621094,44.020599365234375,361821000,43.516998291015625,44.78200149536133,43.499000549316406,43.0890007,42.46799850463867
2023-10-05,44.04999923706055,44.900001525878906,43.88800048828125,44.68799973,44.667293548583984,393483000,44.04100036621094,43.516998291015625,44.78200149536133,43.499000549316406,43.0890007
2023-10-06,44.19300079345703,45.78900146484375,44.02600098,45.762001037597656,45.74079895019531,434436000,44.68799973,44.04100036621094,43.516998291015625,44.78200149536133,43.499000549316406
2023-10-09,44.84199905395508,45.60499954223633,44.36800003051758,45.27299880981445,45.25202560424805,409675000,45.762001037597656,44.68799973,44.04100036621094,43.516998291015625,44.78200149536133
2023-10-10,45.310001373291016,46.25899887084961,45.08800125,45.79800033569336,45.77678298950195,368582000,45.27299880981445,45.762001037597656,44.68799973,44.04100036621094,43.516998291015625
2023-10-11,46.19599914550781,46.85900115966797,46.04999923706055,46.805999755859375,46.7843132,378137000,45.79800033569336,45.27299880981445,45.762001037597656,44.68799973,44.04100036621094
2023-10-12,46.777000427246094,47.60900115966797,46.33000183105469,46.94499969482422,46.92325210571289,481325000,46.805999755859375,45.79800033569336,45.27299880981445,45.762001037597656,44.68799973
2023-10-13,46.959999084472656,47.11600112915039,45.27999877929688,45.46099853515625,45.43993377685547,474115000,46.94499969482422,46.805999755859375,45.79800033569336,45.27299880981445,45.762001037597656
2023-10-16,45.06299973,46.22499847412109,44.91199875,46.095001220703125,46.07365036010742,375099000,45.46099853515625,46.94499969482422,46.805999755859375,45.79800033569336,45.27299880981445
2023-10-17,44.0,44.75400161743164,42.47999954223633,43.93799973,43.91764450073242,812333000,46.095001220703125,45.46099853515625,46.94499969482422,46.805999755859375,45.79800033569336
2023-10-18,42.59099960327149,43.21900177001953,41.82500076293945,42.19599914550781,42.17645263671875,627294000,43.93799973,46.095001220703125,45.46099853515625,46.94499969482422,46.805999755859375
2023-10-19,42.81100082397461,43.297000885009766,41.88199996948242,42.10100173950195,42.08149719238281,501233000,42.19599914550781,43.93799973,46.095001220703125,45.46099853515625,46.94499969482422
2023-10-20,41.88999938964844,42.470001220703125,41.07799911499024,41.387001037597656,41.36782455444336,477266000,42.10100173950195,42.19599914550781,43.93799973,46.095001220703125,45.46099853515625
2023-10-23,41.229000091552734,43.24800109863281,40.94499969482422,42.97499847412109,42.95509338378906,478530000,41.387001037597656,42.10100173950195,42.19599914550781,43.93799973,46.095001220703125
2023-10-24,43.07699966430664,43.696998596191406,42.69100189208984,43.66299819946289,43.64277267456055,401463000,42.97499847412109,41.387001037597656,42.10100173950195,42.19599914550781,43.93799973
2023-10-25,43.39799880981445,43.650001525878906,41.55500030517578,41.77899932861328,41.75964355,398379000,43.66299819946289,42.97499847412109,41.387001037597656,42.10100173950195,42.19599914550781
2023-10-26,41.85300064086914,42.25600051879883,39.880001068115234,40.32600021362305,40.30731964111328,541001000,41.77899932861328,43.66299819946289,42.97499847412109,41.387001037597656,42.10100173950195
2023-10-27,41.130001068115234,41.20600128173828,40.01499938964844,40.5,40.481239318847656,416784000,40.32600021362305,41.77899932861328,43.66299819946289,42.97499847412109,41.387001037597656
2023-10-30,41.08700180053711,41.76599884033203,40.48099899291992,41.1609993,41.14192962646485,388028000,40.5,40.32600021362305,41.77899932861328,43.66299819946289,42.97499847412109
2023-10-31,40.45000076293945,40.87900161743164,39.22999954223633,40.77999877929688,40.7611084,517969000,41.1609993,40.5,40.32600021362305,41.77899932861328,43.66299819946289
2023-11-01,40.88399887084961,42.38100051879883,40.86899948120117,42.32500076293945,42.305397033691406,437593000,40.77999877929688,41.1609993,40.5,40.32600021362305,41.77899932861328
2023-11-02,43.32799911499024,43.88399887084961,42.89400100708008,43.50600051879883,43.48583984,409172000,42.32500076293945,40.77999877929688,41.1609993,40.5,40.32600021362305
2023-11-03,44.02000045776367,45.30899810791016,43.72299957275391,45.005001068115234,44.98414993286133,424610000,43.50600051879883,42.32500076293945,40.77999877929688,41.1609993,40.5
2023-11-06,45.28499984741211,45.935001373291016,44.89899826049805,45.7509994506836,45.72980117797852,400733000,45.005001068115234,43.50600051879883,42.32500076293945,40.77999877929688,41.1609993
2023-11-07,45.71900177001953,46.21799850463867,45.15800094604492,45.95500183105469,45.933712005615234,343165000,45.7509994506836,45.005001068115234,43.50600051879883,42.32500076293945,40.77999877929688
2023-11-08,46.09999847412109,46.867000579833984,45.96799850463867,46.57400131225586,46.55242156982422,346719000,45.95500183105469,45.7509994506836,45.005001068115234,43.50600051879883,42.32500076293945
2023-11-09,47.46699905395508,48.22999954223633,46.75,46.95000076293945,46.92824935913086,540496000,46.57400131225586,45.95500183105469,45.7509994506836,45.005001068115234,43.50600051879883
2023-11-10,47.5,48.47200012207031,47.28300094604492,48.334999084472656,48.31260299682617,421245000,46.95000076293945,46.57400131225586,45.95500183105469,45.7509994506836,45.005001068115234
2023-11-13,48.31999969482422,49.11600112915039,48.09899902,48.619998931884766,48.59747314453125,384136000,48.334999084472656,46.95000076293945,46.57400131225586,45.95500183105469,45.7509994506836
2023-11-14,49.68000030517578,49.83399963378906,49.040000915527344,49.65599822998047,49.63299179077149,416954000,48.619998931884766,48.334999084472656,46.95000076293945,46.57400131225586,45.95500183105469
2023-11-15,49.935001373291016,49.959999084472656,48.20000076293945,48.88800048828125,48.865352630615234,475497000,49.65599822998047,48.619998931884766,48.334999084472656,46.95000076293945,46.57400131225586
2023-11-16,48.67900085449219,49.525001525878906,48.33000183105469,49.47999954223633,49.45708084106445,339756000,48.88800048828125,49.65599822998047,48.619998931884766,48.334999084472656,46.95000076293945
2023-11-17,49.52399826049805,49.71699905395508,49.00699996948242,49.29800033569336,49.27516555786133,325205000,49.47999954223633,48.88800048828125,49.65599822998047,48.619998931884766,48.334999084472656
2023-11-20,49.31200027,50.54800033569336,49.180999755859375,50.40900039672852,50.38564682006836,414120000,49.29800033569336,49.47999954223633,48.88800048828125,49.65599822998047,48.619998931884766
2023-11-21,50.1259994506836,50.516998291015625,49.22200012207031,49.94400024414063,49.920860290527344,565747000,50.40900039672852,49.29800033569336,49.47999954223633,48.88800048828125,49.65599822998047
2023-11-22,49.85200119018555,50.334999084472656,47.68999862670898,48.71599960327149,48.69342803955078,899420000,49.94400024414063,50.40900039672852,49.29800033569336,49.47999954223633,48.88800048828125
2023-11-24,48.470001220703125,48.92100143432617,47.744998931884766,47.77600098,47.75386428833008,294645000,48.71599960327149,49.94400024414063,50.40900039672852,49.29800033569336,49.47999954223633
2023-11-27,47.79999923706055,48.52999877929688,47.652000427246094,48.242000579833984,48.21965026855469,395662000,47.77600098,48.71599960327149,49.94400024414063,50.40900039672852,49.29800033569336
2023-11-28,48.23600006103516,48.323001861572266,47.47299957275391,47.82099914550781,47.79884338378906,401491000,48.242000579833984,47.77600098,48.71599960327149,49.94400024414063,50.40900039672852
2023-11-29,48.37900161743164,48.762001037597656,47.86000061035156,48.13999938964844,48.11770248413086,382005000,47.82099914550781,48.242000579833984,47.77600098,48.71599960327149,49.94400024414063
2023-11-30,48.02399826049805,48.11000061035156,46.422000885009766,46.77000045776367,46.74833679199219,526247000,48.13999938964844,47.82099914550781,48.242000579833984,47.77600098,48.71599960327149
2023-12-01,46.525001525878906,47.20000076293945,46.18700027,46.76499938964844,46.74333572387695,369317000,46.77000045776367,48.13999938964844,47.82099914550781,48.242000579833984,47.77600098
2023-12-04,46.07699966430664,46.07699966430664,45.00999832,45.50999832,45.48891067504883,437543000,46.76499938964844,46.77000045776367,48.13999938964844,47.82099914550781,48.242000579833984
2023-12-05,45.46599960327149,46.59999847412109,45.27099990844727,46.56600189208984,46.54851913452149,371718000,45.50999832,46.76499938964844,46.77000045776367,48.13999938964844,47.82099914550781
2023-12-06,47.21500015258789,47.387001037597656,45.41199875,45.50299835205078,45.48591232299805,380590000,46.56600189208984,45.50999832,46.76499938964844,46.77000045776367,48.13999938964844
2023-12-07,45.70000076293945,46.62900161743164,45.604000091552734,46.59600067138672,46.57851028442383,350823000,45.50299835205078,46.56600189208984,45.50999832,46.76499938964844,46.77000045776367
2023-12-08,46.595001220703125,47.74100112915039,46.54999923706055,47.50600051879883,47.48816680908203,359224000,46.59600067138672,45.50299835205078,46.56600189208984,45.50999832,46.76499938964844
2023-12-11,47.49100112915039,47.53099822998047,45.83000183105469,46.62699890136719,46.60949707,509728000,47.50600051879883,46.59600067138672,45.50299835205078,46.56600189208984,45.50999832
2023-12-12,46.04600143432617,47.66600036621094,46.04600143432617,47.65700149536133,47.63911056518555,372387000,46.62699890136719,47.50600051879883,46.59600067138672,45.50299835205078,46.56600189208984
2023-12-13,47.62900161743164,48.59400177001953,47.608001708984375,48.08800125,48.06995391845703,447792000,47.65700149536133,46.62699890136719,47.50600051879883,46.59600067138672,45.50299835205078
2023-12-14,48.38999938964844,48.66999816894531,47.422000885009766,48.34999847412109,48.33184814453125,391232000,48.08800125,47.65700149536133,46.62699890136719,47.50600051879883,46.59600067138672
2023-12-15,48.19400024414063,49.40399932861328,48.119998931884766,48.88999938964844,48.87164688110352,479948000,48.34999847412109,48.08800125,47.65700149536133,46.62699890136719,47.50600051879883
2023-12-18,49.400001525878906,50.43299865722656,49.150001525878906,50.07699966430664,50.05820083618164,412587000,48.88999938964844,48.34999847412109,48.08800125,47.65700149536133,46.62699890136719
2023-12-19,49.42399978637695,49.70000076293945,48.89500045776367,49.604000091552734,49.58537673950195,464444000,50.07699966430664,48.88999938964844,48.34999847412109,48.08800125,47.65700149536133
2023-12-20,49.65499877929688,49.999000549316406,48.09799957275391,48.11100006103516,48.09293365478516,397894000,49.604000091552734,50.07699966430664,48.88999938964844,48.34999847412109,48.08800125
2023-12-21,48.81100082397461,49.095001220703125,48.41899871826172,48.99000168,48.97161102294922,300425000,48.11100006103516,49.604000091552734,50.07699966430664,48.88999938964844,48.34999847412109
2023-12-22,49.19499969482422,49.382999420166016,48.46699905395508,48.83000183105469,48.81167221069336,252507000,48.99000168,48.11100006103516,49.604000091552734,50.07699966430664,48.88999938964844
2023-12-26,48.96799850463867,49.59999847412109,48.959999084472656,49.27899932861328,49.26049805,244200000,48.83000183105469,48.99000168,48.11100006103516,49.604000091552734,50.07699966430664
2023-12-27,49.51100158691406,49.68000030517578,49.084999084472656,49.41699981689453,49.39844894,233648000,49.27899932861328,48.83000183105469,48.99000168,48.11100006103516,49.604000091552734
2023-12-28,49.64300155639648,49.88399887084961,49.41199875,49.52199935913086,49.50341033935547,246587000,49.41699981689453,49.27899932861328,48.83000183105469,48.99000168,48.11100006103516
2023-12-29,49.81299973,49.99700164794922,48.7509994506836,49.52199935913086,49.50341033935547,389293000,49.52199935913086,49.41699981689453,49.27899932861328,48.83000183105469,48.99000168
2024-01-02,49.24399948120117,49.29499816894531,47.595001220703125,48.167999267578125,48.14991760253906,411254000,49.52199935913086,49.52199935913086,49.41699981689453,49.27899932861328,48.83000183105469
2024-01-03,47.48500061035156,48.18399810791016,47.31999969482422,47.56900024414063,47.55114364624024,320896000,48.167999267578125,49.52199935913086,49.52199935913086,49.41699981689453,49.27899932861328
2024-01-04,47.766998291015625,48.5,47.507999420166016,47.99800109863281,47.97998428344727,306535000,47.56900024414063,48.167999267578125,49.52199935913086,49.52199935913086,49.41699981689453
2024-01-05,48.46200180053711,49.547000885009766,48.305999755859375,49.09700012207031,49.07856750488281,415039000,47.99800109863281,47.56900024414063,48.167999267578125,49.52199935913086,49.52199935913086
2024-01-08,49.512001037597656,52.275001525878906,49.479000091552734,52.25299835205078,52.23337936401367,642510000,49.09700012207031,47.99800109863281,47.56900024414063,48.167999267578125,49.52199935913086
2024-01-09,52.40100098,54.32500076293945,51.68999862670898,53.13999938964844,53.12005233764648,773100000,52.25299835205078,49.09700012207031,47.99800109863281,47.56900024414063,48.167999267578125
2024-01-10,53.61600112915039,54.59999847412109,53.48899841308594,54.34999847412109,54.32960129,533796000,53.13999938964844,52.25299835205078,49.09700012207031,47.99800109863281,47.56900024414063
2024-01-11,54.999000549316406,55.34600067138672,53.560001373291016,54.821998596191406,54.80142211914063,596759000,54.34999847412109,53.13999938964844,52.25299835205078,49.09700012207031,47.99800109863281
2024-01-12,54.619998931884766,54.970001220703125,54.33000183105469,54.709999084472656,54.68945693969727,352994000,54.821998596191406,54.34999847412109,53.13999938964844,52.25299835205078,49.09700012207031
2024-01-16,55.01800155639648,56.834999084472656,54.900001525878906,56.38199996948242,56.360836029052734,449580000,54.709999084472656,54.821998596191406,54.34999847412109,53.13999938964844,52.25299835205078
2024-01-17,56.34700012207031,56.47100067138672,54.74000168,56.053001403808594,56.031959533691406,474394000,56.38199996948242,54.709999084472656,54.821998596191406,54.34999847412109,53.13999938964844
2024-01-18,57.25999832,57.59999847412109,56.10699844360352,57.10699844360352,57.08555984,491650000,56.053001403808594,56.38199996948242,54.709999084472656,54.821998596191406,54.34999847412109
2024-01-19,57.98899841308594,59.5,57.22499847412109,59.49100112915039,59.46866607666016,543501000,57.10699844360352,56.053001403808594,56.38199996948242,54.709999084472656,54.821998596191406
2024-01-22,60.04899978637695,60.33100128173828,59.06999969482422,59.65399932861328,59.63160705566406,452955000,59.49100112915039,57.10699844360352,56.053001403808594,56.38199996948242,54.709999084472656
2024-01-23,59.56999969482422,59.90999984741211,58.584999084472656,59.87300109863281,59.850528717041016,294654000,59.65399932861328,59.49100112915039,57.10699844360352,56.053001403808594,56.38199996948242
2024-01-24,60.30400085449219,62.84899902,59.93799973,61.36199951171875,61.33896255493164,560271000,59.87300109863281,59.65399932861328,59.49100112915039,57.10699844360352,56.053001403808594
2024-01-25,62.34999847412109,62.71900177001953,60.84999847412109,61.617000579833984,61.593868255615234,482777000,61.36199951171875,59.87300109863281,59.65399932861328,59.49100112915039,57.10699844360352
2024-01-26,60.959999084472656,61.78300094604492,60.573001861572266,61.03099822998047,61.00809097290039,390309000,61.617000579833984,61.36199951171875,59.87300109863281,59.65399932861328,59.49100112915039
2024-01-29,61.23199844360352,62.48899841308594,60.90700149536133,62.46500015258789,62.441551208496094,348733000,61.03099822998047,61.617000579833984,61.36199951171875,59.87300109863281,59.65399932861328
2024-01-30,62.900001525878906,63.49300003051758,62.25999832,62.77399826049805,62.750431060791016,410735000,62.46500015258789,61.03099822998047,61.617000579833984,61.36199951171875,59.87300109863281
2024-01-31,61.43999862670898,62.26900100708008,60.70000076293945,61.527000427246094,61.503902435302734,453795000,62.77399826049805,62.46500015258789,61.03099822998047,61.617000579833984,61.36199951171875
2024-02-01,62.09999847412109,63.19100189208984,61.650001525878906,63.027000427246094,63.00334167480469,369146000,61.527000427246094,62.77399826049805,62.46500015258789,61.03099822998047,61.617000579833984
2024-02-02,63.97399902,66.59999847,63.68999862670898,66.16000366210938,66.13516998291016,476578000,63.027000427246094,61.527000427246094,62.77399826049805,62.46500015258789,61.03099822998047
2024-02-05,68.22499847,69.49700164794922,67.20500183105469,69.33200073242188,69.30597686767578,680078000,66.16000366210938,63.027000427246094,61.527000427246094,62.77399826049805,62.46500015258789
2024-02-06,69.62999725341797,69.75399780273438,66.30000305175781,68.22299957,68.19739532470703,683111000,69.33200073242188,66.16000366210938,63.027000427246094,61.527000427246094,62.77399826049805
2024-02-07,68.31900024414062,70.22000122070312,67.59999847,70.09899902,70.07267761230469,495575000,68.22299957,69.33200073242188,66.16000366210938,63.027000427246094,61.527000427246094
2024-02-08,70.0739975,70.79399871826172,69.45500183105469,69.64099884033203,69.61485290527344,414422000,70.09899902,68.22299957,69.33200073242188,66.16000366210938,63.027000427246094
2024-02-09,70.53299713134766,72.18499755859375,70.21199798583984,72.13300323486328,72.10591888427734,436637000,69.64099884033203,70.09899902,68.22299957,69.33200073242188,66.16000366210938
2024-02-12,72.59999847,74.61100006103516,71.25,72.24800109863281,72.22087860107422,613710000,72.13300323486328,69.64099884033203,70.09899902,68.22299957,69.33200073242188
2024-02-13,70.40000153,73.44999694824219,69.62000274658203,72.12799835205078,72.10092926,602580000,72.24800109863281,72.13300323486328,69.64099884033203,70.09899902,68.22299957
2024-02-14,73.20200348,74.23600006103516,71.93800354003906,73.90000153,73.87226104736328,504917000,72.12799835205078,72.24800109863281,72.13300323486328,69.64099884033203,70.09899902
2024-02-15,73.86900329589844,73.97499847,72.40000153,72.65799713134766,72.63072204589844,420122000,73.90000153,72.12799835205078,72.24800109863281,72.13300323486328,69.64099884033203
2024-02-16,74.09999847,74.40200043,72.50099945,72.61299896240234,72.58573913574219,495327000,72.65799713134766,73.90000153,72.12799835205078,72.24800109863281,72.13300323486328
2024-02-20,71.9469986,71.95600128173828,67.73400115966797,69.45200348,69.42592621,704833000,72.61299896240234,72.65799713134766,73.90000153,72.12799835205078,72.24800109863281
2024-02-21,68.00599670410156,68.88800048828125,66.24800109863281,67.47200012207031,67.44667816,690298000,69.45200348,72.61299896240234,72.65799713134766,73.90000153,72.12799835205078
2024-02-22,75.02500153,78.57499694824219,74.22000122070312,78.53800201416016,78.50852203,865100000,67.47200012207031,69.45200348,72.61299896240234,72.65799713134766,73.90000153
2024-02-23,80.79000091552734,82.39399719238281,77.56999969482422,78.81700134277344,78.78741455078125,829388000,78.53800201416016,67.47200012207031,69.45200348,72.61299896240234,72.65799713134766
2024-02-26,79.69999694824219,80.64600372314453,78.50499725341797,79.09200286865234,79.06231689453125,503973000,78.81700134277344,78.53800201416016,67.47200012207031,69.45200348,72.61299896240234
2024-02-27,79.38099670410156,79.48000336,77.16200256347656,78.70099639892578,78.67144775390625,391705000,79.09200286865234,78.81700134277344,78.53800201416016,67.47200012207031,69.45200348
2024-02-28,77.62000274658203,78.93299865722656,77.125,77.66300201416016,77.63384246826172,393110000,78.70099639892578,79.09200286865234,78.81700134277344,78.53800201416016,67.47200012207031
2024-02-29,79.09400177001953,79.98999786376953,78.34999847,79.11199951171875,79.08230590820312,507289000,77.66300201416016,78.70099639892578,79.09200286865234,78.81700134277344,78.53800201416016
2024-03-01,80.0,82.30000305175781,79.43499755859375,82.27899932861328,82.24810791015625,479135000,79.11199951171875,77.66300201416016,78.70099639892578,79.09200286865234,78.81700134277344
2024-03-04,84.12999725341797,87.69499969482422,83.71900177001953,85.23699951171875,85.20500183105469,615616000,82.27899932861328,79.11199951171875,77.66300201416016,78.70099639892578,79.09200286865234
2024-03-05,85.26999664,86.09700012207031,83.41699981689453,85.96399688720703,85.93576049804688,520639000,85.23699951171875,82.27899932861328,79.11199951171875,77.66300201416016,78.70099639892578
2024-03-06,88.02200317382812,89.72399902,87.02999877929688,88.69999694824219,88.67086029052734,582520000,85.96399688720703,85.23699951171875,82.27899932861328,79.11199951171875,77.66300201416016
2024-03-07,90.15799713134766,92.76699829101562,89.60199737548828,92.66899871826172,92.6385498,608119000,88.69999694824219,85.96399688720703,85.23699951171875,82.27899932861328,79.11199951171875
2024-03-08,95.13800048828124,97.40000153,86.50599670410156,87.52799987792969,87.49925231933594,1142269000,92.66899871826172,88.69999694824219,85.96399688720703,85.23699951171875,82.27899932861328
2024-03-11,86.42900085449219,88.79699707,84.16600036621094,85.77400207519531,85.74582672,678364000,87.52799987792969,92.66899871826172,88.69999694824219,85.96399688720703,85.23699951171875
2024-03-12,88.04900360107422,91.95999908447266,86.15000153,91.91300201416016,91.88280487060548,668075000,85.77400207519531,87.52799987792969,92.66899871826172,88.69999694824219,85.96399688720703
2024-03-13,91.05500030517578,91.50399780273438,88.43499755859375,90.88800048828124,90.85814666748048,635713000,91.91300201416016,85.77400207519531,87.52799987792969,92.66899871826172,88.69999694824219
2024-03-14,89.57700348,90.64600372314452,86.59999847,87.94400024414062,87.91510772705078,602318000,90.88800048828124,91.91300201416016,85.77400207519531,87.52799987792969,92.66899871826172
2024-03-15,86.93000030517578,89.54599762,86.25700378417969,87.83699798583984,87.80813598632812,642086000,87.94400024414062,90.88800048828124,91.91300201416016,85.77400207519531,87.52799987792969
2024-03-18,90.38800048828124,92.40499877929688,87.08499908447266,88.45500183105469,88.42594146728516,668976000,87.83699798583984,87.94400024414062,90.88800048828124,91.91300201416016,85.77400207519531
2024-03-19,86.69999694824219,90.54399871826172,85.01000213623047,89.39800262451172,89.36864471435547,672171000,88.45500183105469,87.83699798583984,87.94400024414062,90.88800048828124,91.91300201416016
2024-03-20,89.79699707,90.41000366210938,88.22299957,90.37200164794922,90.34231567382812,479063000,89.39800262451172,88.45500183105469,87.83699798583984,87.94400024414062,90.88800048828124
2024-03-21,92.3000030517578,92.64800262451172,90.40499877929688,91.43499755859376,91.40496063232422,480372000,90.37200164794922,89.39800262451172,88.45500183105469,87.83699798583984,87.94400024414062
2024-03-22,91.14099884033205,94.77799987792967,90.83399963378906,94.28900146484376,94.25803375,586719000,91.43499755859376,90.37200164794922,89.39800262451172,88.45500183105469,87.83699798583984
2024-03-25,93.94100189208984,96.76599884033205,93.51000213623048,95.0019989013672,94.97078704833984,552136000,94.28900146484376,91.43499755859376,90.37200164794922,89.39800262451172,88.45500183105469
2024-03-26,95.85099792480467,96.375,92.5019989013672,92.56099700927734,92.53058624267578,513648000,95.0019989013672,94.28900146484376,91.43499755859376,90.37200164794922,89.39800262451172
2024-03-27,93.11199951171876,93.23999786376952,89.12300109863281,90.25,90.22034454345705,586067000,92.56099700927734,95.0019989013672,94.28900146484376,91.43499755859376,90.37200164794922
2024-03-28,90.0,91.3000030517578,89.19300079345703,90.3560028076172,90.32631683,435212000,90.25,92.56099700927734,95.0019989013672,94.28900146484376,91.43499755859376
2024-04-01,90.29900360107422,92.22499847,89.20400238,90.36299896240234,90.33331298828124,452441000,90.3560028076172,90.25,92.56099700927734,95.0019989013672,94.28900146484376
2024-04-02,88.44799805,90.09400177001952,87.62000274658203,89.45200348,89.42261505126953,433064000,90.36299896240234,90.3560028076172,90.25,92.56099700927734,95.0019989013672
2024-04-03,88.48400115966797,90.37400055,88.40000153,88.96399688720703,88.93477630615234,370067000,89.45200348,90.36299896240234,90.3560028076172,90.25,92.56099700927734
2024-04-04,90.40599822998048,90.63400268554688,85.87999725341797,85.90499877929688,85.87677764892578,434965000,88.96399688720703,89.45200348,90.36299896240234,90.3560028076172,90.25
2024-04-05,86.86599731445312,88.48100280761719,85.9260025,88.00800323486328,87.97908782958984,399678000,85.90499877929688,88.96399688720703,89.45200348,90.36299896240234,90.3560028076172
2024-04-08,88.69999694824219,88.83000183105469,86.73200225830078,87.13300323486328,87.10437774658203,283220000,88.00800323486328,85.90499877929688,88.96399688720703,89.45200348,90.36299896240234
2024-04-09,87.44200134277344,87.63500213623047,83.02200317382812,85.35399627685547,85.32595062,503547000,87.13300323486328,88.00800323486328,85.90499877929688,88.96399688720703,89.45200348
2024-04-10,83.9260025,87.40000153,83.70899963378906,87.03900146484375,87.01040649414062,431929000,85.35399627685547,87.13300323486328,88.00800323486328,85.90499877929688,88.96399688720703
2024-04-11,87.41999816894531,90.73899841308594,86.9260025,90.61599731445312,90.5862274169922,431637000,87.03900146484375,85.35399627685547,87.13300323486328,88.00800323486328,85.90499877929688
2024-04-12,89.6989975,90.1750030517578,87.52999877929688,88.18599700927734,88.15702819824219,426805000,90.61599731445312,87.03900146484375,85.35399627685547,87.13300323486328,88.00800323486328
2024-04-15,89.09799957,90.61299896240234,85.92900085449219,86.00099945,85.97274780273438,443077000,88.18599700927734,90.61599731445312,87.03900146484375,85.35399627685547,87.13300323486328
2024-04-16,86.43299865722656,88.11799621582031,86.06400299072266,87.41500091552734,87.38628387451172,370453000,86.00099945,88.18599700927734,90.61599731445312,87.03900146484375,85.35399627685547
2024-04-17,88.33999633789062,88.77500153,83.94999694824219,84.03500366210938,84.00739288330078,495400000,87.41500091552734,86.00099945,88.18599700927734,90.61599731445312,87.03900146484375
2024-04-18,84.97000122070312,86.19000244140625,82.40200043,84.67099762,84.64318084716797,447260000,84.03500366210938,87.41500091552734,86.00099945,88.18599700927734,90.61599731445312
2024-04-19,83.15000153,84.3239975,75.60600280761719,76.19999694824219,76.17497253417969,875198000,84.67099762,84.03500366210938,87.41500091552734,86.00099945,88.18599700927734
2024-04-22,78.10399627685547,80.07299805,76.40000153,79.51799774169922,79.49188232421875,596341000,76.19999694824219,84.67099762,84.03500366210938,87.41500091552734,86.00099945
2024-04-23,80.76899719238281,82.76899719238281,80.26399993896484,82.42299652,82.39592742919922,438559000,79.51799774169922,76.19999694824219,84.67099762,84.03500366210938,87.41500091552734
2024-04-24,83.94999694824219,84.08200073242188,79.18299865722656,79.67700195,79.65083312988281,512208000,82.42299652,79.51799774169922,76.19999694824219,84.67099762,84.03500366210938
2024-04-25,78.86799621582031,83.32299805,78.22299957,82.63200378417969,82.6048584,424641000,79.67700195,82.42299652,79.51799774169922,76.19999694824219,84.67099762
2024-04-26,83.81800079345703,88.33100128173828,83.38700103759766,87.73500061035156,87.70617676,551011000,82.63200378417969,79.67700195,82.42299652,79.51799774169922,76.19999694824219
2024-04-29,87.59500122070312,87.99199676513672,85.26599884033203,87.75700378417969,87.7281723,388971000,87.73500061035156,82.63200378417969,79.67700195,82.42299652,79.51799774169922
2024-04-30,87.23999786376953,88.81900024414062,86.30000305175781,86.40200043,86.37361907958984,363709000,87.75700378417969,87.73500061035156,82.63200378417969,79.67700195,82.42299652
2024-05-01,85.07700348,86.0,81.25499725341797,83.04100036621094,83.01371765136719,559863000,86.40200043,87.75700378417969,87.73500061035156,82.63200378417969,79.67700195
2024-05-02,84.4489975,86.23699951171875,83.19999694824219,85.81700134277344,85.78881072998047,377898000,83.04100036621094,86.40200043,87.75700378417969,87.73500061035156,82.63200378417969
2024-05-03,87.78900146484375,89.28099822998047,87.04000091552734,88.78900146484375,88.75983428955078,398341000,85.81700134277344,83.04100036621094,86.40200043,87.75700378417969,87.73500061035156
2024-05-06,89.38999938964844,92.22000122070312,89.05500030517578,92.13999938964844,92.10972595214844,376203000,88.78900146484375,85.81700134277344,83.04100036621094,86.40200043,87.75700378417969
2024-05-07,91.09799957,91.78099822998048,89.01100158691406,90.5540008544922,90.52425384521484,437342000,92.13999938964844,88.78900146484375,85.81700134277344,83.04100036621094,86.40200043
2024-05-08,89.48300170898438,91.19400024414062,89.41999816894531,90.41200256347656,90.38230133,325721000,90.5540008544922,92.13999938964844,88.78900146484375,85.81700134277344,83.04100036621094
2024-05-09,90.52899932861328,91.0719986,88.23100280761719,88.74700164794922,88.71784973144531,378013000,90.41200256347656,90.5540008544922,92.13999938964844,88.78900146484375,85.81700134277344
2024-05-10,90.30500030517578,91.40100098,89.22699737548828,89.87799835205078,89.84847259521484,335325000,88.74700164794922,90.41200256347656,90.5540008544922,92.13999938964844,88.78900146484375
2024-05-13,90.47799682617188,90.9980010986328,88.52899932861328,90.39900207519533,90.36930847167967,289680000,89.87799835205078,88.74700164794922,90.41200256347656,90.5540008544922,92.13999938964844
2024-05-14,89.59899902,91.65100098,88.93399810791016,91.3560028076172,91.32598876953124,296507000,90.39900207519533,89.87799835205078,88.74700164794922,90.41200256347656,90.5540008544922
2024-05-15,92.47200012207033,94.86199951171876,91.59899902,94.62999725341795,94.59890747070312,417735000,91.3560028076172,90.39900207519533,89.87799835205078,88.74700164794922,90.41200256347656
2024-05-16,94.91000366210938,95.81900024414062,94.10299682617188,94.35900115966795,94.32800293,323952000,94.62999725341795,91.3560028076172,90.39900207519533,89.87799835205078,88.74700164794922
2024-05-17,94.36900329589844,94.73999786376952,91.80599975585938,92.47899627685548,92.4486084,359691000,94.35900115966795,94.62999725341795,91.3560028076172,90.39900207519533,89.87799835205078
2024-05-20,93.75,95.1999969482422,93.44000244140624,94.77999877929688,94.74887084960938,318764000,92.47899627685548,94.35900115966795,94.62999725341795,91.3560028076172,90.39900207519533
2024-05-21,93.59899902,95.40000153,93.18000030517578,95.38600158691406,95.35466766357422,328946000,94.77999877929688,92.47899627685548,94.35900115966795,94.62999725341795,91.3560028076172
2024-05-22,95.45899963378906,96.01999664,93.24900055,94.9499969482422,94.91881561279295,548648000,95.38600158691406,94.77999877929688,92.47899627685548,94.35900115966795,94.62999725341795
2024-05-23,102.02799987792967,106.31999969482422,101.5199966430664,103.79900360107422,103.76490783691406,835065000,94.9499969482422,95.38600158691406,94.77999877929688,92.47899627685548,94.35900115966795
2024-05-24,104.4489974975586,106.4749984741211,103.0,106.46900177001952,106.43402862548828,429494000,103.79900360107422,94.9499969482422,95.38600158691406,94.77999877929688,92.47899627685548
2024-05-28,110.24400329589844,114.93900299072266,109.88300323486328,113.9010009765625,113.86358642578124,652728000,106.46900177001952,103.79900360107422,94.9499969482422,95.38600158691406,94.77999877929688
2024-05-29,113.0500030517578,115.49199676513672,110.9010009765625,114.8249969482422,114.78727722167967,557442000,113.9010009765625,106.46900177001952,103.79900360107422,94.9499969482422,95.38600158691406
2024-05-30,114.6500015258789,115.81900024414062,109.66300201416016,110.5,110.46369171142578,487350000,114.8249969482422,113.9010009765625,106.46900177001952,103.79900360107422,94.9499969482422
2024-05-31,112.5199966430664,112.71700286865234,106.94000244140624,109.63300323486328,109.59699249267578,613263000,110.5,114.8249969482422,113.9010009765625,106.46900177001952,103.79900360107422
2024-06-03,113.62100219726562,115.0,112.00299835205078,115.0,114.96222686767578,438392000,109.63300323486328,110.5,114.8249969482422,113.9010009765625,106.46900177001952
2024-06-04,115.71600341796876,116.5999984741211,114.04499816894533,116.43699645996094,116.39875030517578,403324000,115.0,109.63300323486328,110.5,114.8249969482422,113.9010009765625
2024-06-05,118.37100219726562,122.4489974975586,117.46800231933594,122.44000244140624,122.3997802734375,528402000,116.43699645996094,115.0,109.63300323486328,110.5,114.8249969482422
2024-06-06,124.0479965209961,125.58699798583984,118.31999969482422,120.9980010986328,120.95825958251952,664696000,122.44000244140624,116.43699645996094,115.0,109.63300323486328,110.5
2024-06-07,119.7699966430664,121.69200134277344,118.02200317382812,120.88800048828124,120.84829711914062,412386000,120.9980010986328,122.44000244140624,116.43699645996094,115.0,109.63300323486328
2024-06-10,120.37000274658205,123.0999984741211,117.01000213623048,121.79000091552734,121.74999237060548,314162700,120.88800048828124,120.9980010986328,122.44000244140624,116.43699645996094,115.0
2024-06-11,121.7699966430664,122.87000274658205,118.73999786376952,120.91000366210938,120.88021087646484,222551200,121.79000091552734,120.88800048828124,120.9980010986328,122.44000244140624,116.43699645996094
2024-06-12,123.05999755859376,126.87999725341795,122.56999969482422,125.1999969482422,125.1691436767578,299595000,120.91000366210938,121.79000091552734,120.88800048828124,120.9980010986328,122.44000244140624
2024-06-13,129.38999938964844,129.8000030517578,127.16000366210938,129.61000061035156,129.57806396484375,260704500,125.1999969482422,120.91000366210938,121.79000091552734,120.88800048828124,120.9980010986328
2024-06-14,129.9600067138672,132.83999633789062,128.32000732421875,131.8800048828125,131.84751892089844,309320400,129.61000061035156,125.1999969482422,120.91000366210938,121.79000091552734,120.88800048828124
2024-06-17,132.99000549316406,133.72999572753906,129.5800018310547,130.97999572753906,130.94773864746094,288504400,131.8800048828125,129.61000061035156,125.1999969482422,120.91000366210938,121.79000091552734
2024-06-18,131.13999938964844,136.3300018310547,130.69000244140625,135.5800018310547,135.54660034179688,294335100,130.97999572753906,131.8800048828125,129.61000061035156,125.1999969482422,120.91000366210938
2024-06-20,139.8000030517578,140.75999450683594,129.52000427246094,130.77999877929688,130.74778747558594,517768400,135.5800018310547,130.97999572753906,131.8800048828125,129.61000061035156,125.1999969482422
2024-06-21,127.12000274658205,130.6300048828125,124.3000030517578,126.56999969482422,126.53881072998048,655484700,130.77999877929688,135.5800018310547,130.97999572753906,131.8800048828125,129.61000061035156
2024-06-24,123.23999786376952,124.45999908447266,118.04000091552734,118.11000061035156,118.08090209960938,476060900,126.56999969482422,130.77999877929688,135.5800018310547,130.97999572753906,131.8800048828125
2024-06-25,121.1999969482422,126.5,119.31999969482422,126.08999633789062,126.05892181396484,425787500,118.11000061035156,126.56999969482422,130.77999877929688,135.5800018310547,130.97999572753906
2024-06-26,126.12999725341795,128.1199951171875,122.5999984741211,126.4000015258789,126.36885833740234,362975900,126.08999633789062,118.11000061035156,126.56999969482422,130.77999877929688,135.5800018310547
2024-06-27,124.0999984741211,126.41000366210938,122.91999816894533,123.98999786376952,123.95944213867188,252571700,126.4000015258789,126.08999633789062,118.11000061035156,126.56999969482422,130.77999877929688
2024-06-28,124.58000183105467,127.70999908447266,122.75,123.54000091552734,123.50955963134766,315516700,123.98999786376952,126.4000015258789,126.08999633789062,118.11000061035156,126.56999969482422
2024-07-01,123.47000122070312,124.83999633789062,118.83000183105467,124.3000030517578,124.26937866210938,284885500,123.54000091552734,123.98999786376952,126.4000015258789,126.08999633789062,118.11000061035156
2024-07-02,121.12999725341795,123.41000366210938,121.02999877929688,122.66999816894533,122.6397705078125,218374000,124.3000030517578,123.54000091552734,123.98999786376952,126.4000015258789,126.08999633789062
2024-07-03,121.66000366210938,128.27999877929688,121.36000061035156,128.27999877929688,128.24839782714844,215749000,122.66999816894533,124.3000030517578,123.54000091552734,123.98999786376952,126.4000015258789
2024-07-05,127.37999725341795,128.85000610351562,125.68000030517578,125.83000183105467,125.79899597167967,214176700,128.27999877929688,122.66999816894533,124.3000030517578,123.54000091552734,123.98999786376952
2024-07-08,127.48999786376952,130.77000427246094,127.04000091552734,128.1999969482422,128.16839599609375,237677300,125.83000183105467,128.27999877929688,122.66999816894533,124.3000030517578,123.54000091552734
2024-07-09,130.35000610351562,133.82000732421875,128.64999389648438,131.3800048828125,131.34764099121094,285366600,128.1999969482422,125.83000183105467,128.27999877929688,122.66999816894533,124.3000030517578
2024-07-10,134.02999877929688,135.10000610351562,132.4199981689453,134.91000366210938,134.87677001953125,248978600,131.3800048828125,128.1999969482422,125.83000183105467,128.27999877929688,122.66999816894533
2024-07-11,135.75,136.14999389648438,127.0500030517578,127.4000015258789,127.36861419677734,374782700,134.91000366210938,131.3800048828125,128.1999969482422,125.83000183105467,128.27999877929688
2024-07-12,128.25999450683594,131.9199981689453,127.22000122070312,129.24000549316406,129.2081756591797,252680500,127.4000015258789,134.91000366210938,131.3800048828125,128.1999969482422,125.83000183105467
2024-07-15,130.55999755859375,131.38999938964844,127.18000030517578,128.44000244140625,128.40835571289062,208326200,129.24000549316406,127.4000015258789,134.91000366210938,131.3800048828125,128.1999969482422
2024-07-16,128.44000244140625,129.0399932861328,124.58000183105467,126.36000061035156,126.32886505126952,214769500,128.44000244140625,129.24000549316406,127.4000015258789,134.91000366210938,131.3800048828125
2024-07-17,121.3499984741211,121.8499984741211,116.72000122070312,117.98999786376952,117.96092987060548,390086200,126.36000061035156,128.44000244140625,129.24000549316406,127.4000015258789,134.91000366210938
2024-07-18,121.8499984741211,122.4000015258789,116.55999755859376,121.08999633789062,121.0601577758789,320979500,117.98999786376952,126.36000061035156,128.44000244140625,129.24000549316406,127.4000015258789
2024-07-19,120.3499984741211,121.5999984741211,117.37000274658205,117.93000030517578,117.90094757080078,217223800,121.08999633789062,117.98999786376952,126.36000061035156,128.44000244140625,129.24000549316406
2024-07-22,120.3499984741211,124.06999969482422,119.86000061035156,123.54000091552734,123.50955963134766,258068900,117.93000030517578,121.08999633789062,117.98999786376952,126.36000061035156,128.44000244140625
2024-07-23,122.77999877929688,124.69000244140624,122.0999984741211,122.58999633789062,122.5597915649414,173911000,123.54000091552734,117.93000030517578,121.08999633789062,117.98999786376952,126.36000061035156
2024-07-24,119.16999816894533,119.9499969482422,113.44000244140624,114.25,114.22184753417967,327776900,122.58999633789062,123.54000091552734,117.93000030517578,121.08999633789062,117.98999786376952
2024-07-25,113.04000091552734,116.62999725341795,106.3000030517578,112.27999877929688,112.25233459472656,460067000,114.25,122.58999633789062,123.54000091552734,117.93000030517578,121.08999633789062
2024-07-26,116.19000244140624,116.1999969482422,111.58000183105467,113.05999755859376,113.03213500976562,293399100,112.27999877929688,114.25,122.58999633789062,123.54000091552734,117.93000030517578
2024-07-29,113.69000244140624,116.27999877929688,111.3000030517578,111.58999633789062,111.5625,248152100,113.05999755859376,112.27999877929688,114.25,122.58999633789062,123.54000091552734
2024-07-30,111.5199966430664,111.98999786376952,102.54000091552734,103.7300033569336,103.7044448852539,486833300,111.58999633789062,113.05999755859376,112.27999877929688,114.25,122.58999633789062
2024-07-31,112.9000015258789,118.33999633789062,110.87999725341795,117.0199966430664,116.99115753173828,473174200,103.7300033569336,111.58999633789062,113.05999755859376,112.27999877929688,114.25
2024-08-01,117.52999877929688,120.16000366210938,106.80999755859376,109.20999908447266,109.18309783935548,523462300,117.0199966430664,103.7300033569336,111.58999633789062,113.05999755859376,112.27999877929688
2024-08-02,103.76000213623048,108.72000122070312,101.37000274658205,107.2699966430664,107.24356079101562,482027500,109.20999908447266,117.0199966430664,103.7300033569336,111.58999633789062,113.05999755859376
2024-08-05,92.05999755859376,103.41000366210938,90.69000244140624,100.4499969482422,100.4252471923828,552842400,107.2699966430664,109.20999908447266,117.0199966430664,103.7300033569336,111.58999633789062
2024-08-06,103.83999633789062,107.70999908447266,100.5500030517578,104.25,104.22431182861328,409012100,100.4499969482422,107.2699966430664,109.20999908447266,117.0199966430664,103.7300033569336
2024-08-07,107.80999755859376,108.8000030517578,98.69000244140624,98.91000366210938,98.88563537597656,411440400,104.25,100.4499969482422,107.2699966430664,109.20999908447266,117.0199966430664
2024-08-08,102.0,105.5,97.51999664,104.97000122070312,104.9441375732422,391910000,98.91000366210938,104.25,100.4499969482422,107.2699966430664,109.20999908447266
2024-08-09,105.63999938964844,106.5999984741211,103.43000030517578,104.75,104.72418975830078,290844200,104.97000122070312,98.91000366210938,104.25,100.4499969482422,107.2699966430664
2024-08-12,106.31999969482422,111.06999969482422,106.26000213623048,109.0199966430664,108.9931411743164,325559900,104.75,104.97000122070312,98.91000366210938,104.25,100.4499969482422
2024-08-13,112.44000244140624,116.2300033569336,111.58000183105467,116.13999938964844,116.11138153076172,312646700,109.0199966430664,104.75,104.97000122070312,98.91000366210938,104.25
2024-08-14,118.52999877929688,118.5999984741211,114.06999969482422,118.08000183105467,118.05091094970705,339246400,116.13999938964844,109.0199966430664,104.75,104.97000122070312,98.91000366210938
2024-08-15,118.76000213623048,123.23999786376952,117.47000122070312,122.86000061035156,122.8297348022461,318086700,118.08000183105467,116.13999938964844,109.0199966430664,104.75,104.97000122070312
2024-08-16,121.94000244140624,125.0,121.18000030517578,124.58000183105467,124.54930114746094,302589900,122.86000061035156,118.08000183105467,116.13999938964844,109.0199966430664,104.75
2024-08-19,124.27999877929688,130.0,123.41999816894533,130.0,129.9679718017578,318333600,124.58000183105467,122.86000061035156,118.08000183105467,116.13999938964844,109.0199966430664
2024-08-20,128.39999389648438,129.8800048828125,125.88999938964844,127.25,127.21864318847656,300087400,130.0,124.58000183105467,122.86000061035156,118.08000183105467,116.13999938964844
2024-08-21,127.31999969482422,129.35000610351562,126.66000366210938,128.5,128.46835327148438,257883600,127.25,130.0,124.58000183105467,122.86000061035156,118.08000183105467
2024-08-22,130.02000427246094,130.75,123.0999984741211,123.73999786376952,123.70951080322266,376189100,128.5,127.25,130.0,124.58000183105467,122.86000061035156
2024-08-23,125.86000061035156,129.60000610351562,125.22000122070312,129.3699951171875,129.33811950683594,323230300,123.73999786376952,128.5,127.25,130.0,124.58000183105467
2024-08-26,129.57000732421875,131.25999450683594,124.37000274658205,126.45999908447266,126.42884063720705,331964700,129.3699951171875,123.73999786376952,128.5,127.25,130.0
2024-08-27,125.0500030517578,129.1999969482422,123.87999725341795,128.3000030517578,128.26840209960938,303134600,126.45999908447266,129.3699951171875,123.73999786376952,128.5,127.25
2024-08-28,128.1199951171875,128.3300018310547,122.63999938964844,125.61000061035156,125.5790557861328,448101100,128.3000030517578,126.45999908447266,129.3699951171875,123.73999786376952,128.5
2024-08-29,121.36000061035156,124.43000030517578,116.70999908447266,117.58999633789062,117.56102752685548,453023300,125.61000061035156,128.3000030517578,126.45999908447266,129.3699951171875,123.73999786376952
2024-08-30,119.52999877929688,121.75,117.22000122070312,119.37000274658205,119.34059143066406,333751600,117.58999633789062,125.61000061035156,128.3000030517578,126.45999908447266,129.3699951171875
2024-09-03,116.01000213623048,116.20999908447266,107.29000091552734,108.0,107.9733887,477155100,119.37000274658205,117.58999633789062,125.61000061035156,128.3000030517578,126.45999908447266
2024-09-04,105.41000366210938,113.2699966430664,104.12000274658205,106.20999908447266,106.18383026123048,372470300,108.0,119.37000274658205,117.58999633789062,125.61000061035156,128.3000030517578
2024-09-05,104.98999786376952,109.6500015258789,104.76000213623048,107.20999908447266,107.18358612060548,306850700,106.20999908447266,108.0,119.37000274658205,117.58999633789062,125.61000061035156
2024-09-06,108.04000091552734,108.1500015258789,100.9499969482422,102.83000183105467,102.8046646118164,413638100,107.20999908447266,106.20999908447266,108.0,119.37000274658205,117.58999633789062
2024-09-09,104.87999725341795,106.5500030517578,103.69000244140624,106.47000122070312,106.44377136230467,273912000,102.83000183105467,107.20999908447266,106.20999908447266,108.0,119.37000274658205
2024-09-10,107.80999755859376,109.4000015258789,104.9499969482422,108.0999984741211,108.0733642578125,268283700,106.47000122070312,102.83000183105467,107.20999908447266,106.20999908447266,108.0
2024-09-11,109.38999938964844,117.19000244140624,107.41999816894533,116.91000366210938,116.88119506835938,441422400,108.0999984741211,106.47000122070312,102.83000183105467,107.20999908447266,106.20999908447266
2024-09-12,116.83999633789062,120.79000091552734,115.37999725341795,119.13999938964844,119.12083435058594,367100500,116.91000366210938,108.0999984741211,106.47000122070312,102.83000183105467,107.20999908447266
2024-09-13,119.08000183105467,119.95999908447266,117.5999984741211,119.0999984741211,119.0808334350586,238358300,119.13999938964844,116.91000366210938,108.0999984741211,106.47000122070312,102.83000183105467
2024-09-16,116.79000091552734,118.18000030517578,114.36000061035156,116.77999877929688,116.7612075805664,248772300,119.0999984741211,119.13999938964844,116.91000366210938,108.0999984741211,106.47000122070312
2024-09-17,118.16999816894533,118.8000030517578,114.83000183105467,115.58999633789062,115.57140350341795,231925900,116.77999877929688,119.0999984741211,119.13999938964844,116.91000366210938,108.0999984741211
2024-09-18,115.88999938964844,117.6999969482422,113.22000122070312,113.37000274658205,113.3517608642578,310318900,115.58999633789062,116.77999877929688,119.0999984741211,119.13999938964844,116.91000366210938
2024-09-19,117.3499984741211,119.66000366210938,117.25,117.87000274658205,117.85104370117188,293506400,113.37000274658205,115.58999633789062,116.77999877929688,119.0999984741211,119.13999938964844
2024-09-20,117.05999755859376,118.62000274658205,115.38999938964844,116.0,115.98133850097656,382462400,117.87000274658205,113.37000274658205,115.58999633789062,116.77999877929688,119.0999984741211
2024-09-23,116.5500030517578,116.98999786376952,114.86000061035156,116.26000213623048,116.24130249023438,206228500,116.0,117.87000274658205,113.37000274658205,115.58999633789062,116.77999877929688
2024-09-24,116.5199966430664,121.8000030517578,115.37999725341795,120.87000274658205,120.85055541992188,354966800,116.26000213623048,116.0,117.87000274658205,113.37000274658205,115.58999633789062
2024-09-25,122.0199966430664,124.94000244140624,121.61000061035156,123.51000213623048,123.4901351928711,284692900,120.87000274658205,116.26000213623048,116.0,117.87000274658205,113.37000274658205
2024-09-26,126.8000030517578,127.66999816894533,121.8000030517578,124.04000091552734,124.02005004882812,302582900,123.51000213623048,120.87000274658205,116.26000213623048,116.0,117.87000274658205
2024-09-27,123.97000122070312,124.02999877929688,119.26000213623048,121.4000015258789,121.38047790527344,271009200,124.04000091552734,123.51000213623048,120.87000274658205,116.26000213623048,116.0
2024-09-30,118.30999755859376,121.5,118.1500015258789,121.44000244140624,121.42046356201172,226553700,121.4000015258789,124.04000091552734,123.51000213623048,120.87000274658205,116.26000213623048
2024-10-01,121.7699966430664,122.44000244140624,115.79000091552734,117.0,116.9811782836914,302094500,121.44000244140624,121.4000015258789,124.04000091552734,123.51000213623048,120.87000274658205
2024-10-02,116.44000244140624,119.37999725341795,115.13999938964844,118.8499984741211,118.83087921142578,221845900,117.0,121.44000244140624,121.4000015258789,124.04000091552734,123.51000213623048
2024-10-03,120.91999816894533,124.36000061035156,120.33999633789062,122.8499984741211,122.83023834228516,277118000,118.8499984741211,117.0,121.44000244140624,121.4000015258789,124.04000091552734
2024-10-04,124.94000244140624,125.04000091552734,121.83000183105467,124.91999816894533,124.8999023,243678100,122.8499984741211,118.8499984741211,117.0,121.44000244140624,121.4000015258789
2024-10-07,124.98999786376952,130.63999938964844,124.9499969482422,127.72000122070312,127.69945526123048,346250200,124.91999816894533,122.8499984741211,118.8499984741211,117.0,121.44000244140624
2024-10-08,130.25999450683594,133.47999572753906,129.4199981689453,132.88999938964844,132.86862182617188,285722500,127.72000122070312,124.91999816894533,122.8499984741211,118.8499984741211,117.0
2024-10-09,134.11000061035156,134.52000427246094,131.3800048828125,132.64999389648438,132.62864685058594,246191600,132.88999938964844,127.72000122070312,124.91999816894533,122.8499984741211,118.8499984741211
2024-10-10,131.91000366210938,135.0,131.0,134.80999755859375,134.78829956054688,242311300,132.64999389648438,132.88999938964844,127.72000122070312,124.91999816894533,122.8499984741211
2024-10-11,134.00999450683594,135.77999877929688,133.66000366210938,134.8000030517578,134.7783203,170209500,134.80999755859375,132.64999389648438,132.88999938964844,127.72000122070312,124.91999816894533
2024-10-14,136.47000122070312,139.60000610351562,136.3000030517578,138.07000732421875,138.0478057861328,232347700,134.8000030517578,134.80999755859375,132.64999389648438,132.88999938964844,127.72000122070312
2024-10-15,137.8699951171875,138.57000732421875,128.74000549316406,131.60000610351562,131.57884216308594,377831000,138.07000732421875,134.8000030517578,134.80999755859375,132.64999389648438,132.88999938964844
2024-10-16,133.97999572753906,136.6199951171875,131.5800018310547,135.72000122070312,135.6981658935547,264879700,131.60000610351562,138.07000732421875,134.8000030517578,134.80999755859375,132.64999389648438
2024-10-17,139.33999633789062,140.88999938964844,136.8699951171875,136.92999267578125,136.90797424316406,306435900,135.72000122070312,131.60000610351562,138.07000732421875,134.8000030517578,134.80999755859375
2024-10-18,138.6699981689453,138.89999389648438,137.27999877929688,138.0,137.97779846191406,176090200,136.92999267578125,135.72000122070312,131.60000610351562,138.07000732421875,134.8000030517578
2024-10-21,138.1300048828125,143.7100067138672,138.0,143.7100067138672,143.6868896484375,264554500,138.0,136.92999267578125,135.72000122070312,131.60000610351562,138.07000732421875
2024-10-22,142.91000366210938,144.4199981689453,141.77999877929688,143.58999633789062,143.56690979003906,226311600,143.7100067138672,138.0,136.92999267578125,135.72000122070312,131.60000610351562
2024-10-23,142.02999877929688,142.42999267578125,137.4600067138672,139.55999755859375,139.5375518798828,285930000,143.58999633789062,143.7100067138672,138.0,136.92999267578125,135.72000122070312
2024-10-24,140.82000732421875,141.35000610351562,138.4600067138672,140.41000366210938,140.38742065429688,172354900,139.55999755859375,143.58999633789062,143.7100067138672,138.0,136.92999267578125
2024-10-25,140.92999267578125,144.1300048828125,140.8000030517578,141.5399932861328,141.51722717285156,205122100,140.41000366210938,139.55999755859375,143.58999633789062,143.7100067138672,138.0
2024-10-28,143.0,143.13999938964844,140.0500030517578,140.52000427246094,140.49740600585938,173586700,141.5399932861328,140.41000366210938,139.55999755859375,143.58999633789062,143.7100067138672
2024-10-29,140.2899932861328,142.25999450683594,138.89999389648438,141.25,141.22727966308594,157593600,140.52000427246094,141.5399932861328,140.41000366210938,139.55999755859375,143.58999633789062
2024-10-30,139.5399932861328,140.3300018310547,136.80999755859375,139.33999633789062,139.3175811767578,179418100,141.25,140.52000427246094,141.5399932861328,140.41000366210938,139.55999755859375
2024-10-31,137.60000610351562,137.61000061035156,132.11000061035156,132.75999450683594,132.7386474609375,270039600,139.33999633789062,141.25,140.52000427246094,141.5399932861328,140.41000366210938
2024-11-01,134.6999969482422,137.30999755859375,134.57000732421875,135.39999389648438,135.3782196044922,207127800,132.75999450683594,139.33999633789062,141.25,140.52000427246094,141.5399932861328
2024-11-04,137.2100067138672,138.9600067138672,135.57000732421875,136.0500030517578,136.0281219482422,187528200,135.39999389648438,132.75999450683594,139.33999633789062,141.25,140.52000427246094
2024-11-05,137.4499969482422,140.3699951171875,137.3300018310547,139.91000366210938,139.8874969482422,160537400,136.0500030517578,135.39999389648438,132.75999450683594,139.33999633789062,141.25
2024-11-06,142.9600067138672,146.49000549316406,141.9600067138672,145.61000061035156,145.58657836914062,242043900,139.91000366210938,136.0500030517578,135.39999389648438,132.75999450683594,139.33999633789062
2024-11-07,146.38999938964844,148.92999267578125,146.1699981689453,148.8800048828125,148.85606384277344,207323300,145.61000061035156,139.91000366210938,136.0500030517578,135.39999389648438,132.75999450683594
2024-11-08,148.77000427246094,149.77000427246094,146.25999450683594,147.6300048828125,147.6062469482422,175665800,148.8800048828125,145.61000061035156,139.91000366210938,136.0500030517578,135.39999389648438
2024-11-11,148.67999267578125,148.85000610351562,143.57000732421875,145.25999450683594,145.2366180419922,182325600,147.6300048828125,148.8800048828125,145.61000061035156,139.91000366210938,136.0500030517578
2024-11-12,146.77999877929688,149.64999389648438,146.00999450683594,148.2899932861328,148.26612854003906,198634700,145.25999450683594,147.6300048828125,148.8800048828125,145.61000061035156,139.91000366210938
2024-11-13,149.07000732421875,149.3300018310547,145.89999389648438,146.27000427246094,146.24647521972656,191903300,148.2899932861328,145.25999450683594,147.6300048828125,148.8800048828125,145.61000061035156
2024-11-14,147.63999938964844,149.0,145.5500030517578,146.75999450683594,146.7363739013672,194463300,146.27000427246094,148.2899932861328,145.25999450683594,147.6300048828125,148.8800048828125
2024-11-15,144.8699951171875,145.24000549316406,140.0800018310547,141.97999572753906,141.9571533203125,250132900,146.75999450683594,146.27000427246094,148.2899932861328,145.25999450683594,147.6300048828125
2024-11-18,139.5,141.5500030517578,137.14999389648438,140.14999389648438,140.1274414,221866000,141.97999572753906,146.75999450683594,146.27000427246094,148.2899932861328,145.25999450683594
2024-11-19,141.32000732421875,147.1300048828125,140.99000549316406,147.00999450683594,146.98634338378906,227834900,140.14999389648438,141.97999572753906,146.75999450683594,146.27000427246094,148.2899932861328
2024-11-20,147.41000366210938,147.55999755859375,142.72999572753906,145.88999938964844,145.8665313720703,309871700,147.00999450683594,140.14999389648438,141.97999572753906,146.75999450683594,146.27000427246094
2024-11-21,149.35000610351562,152.88999938964844,140.6999969482422,146.6699981689453,146.6464080810547,400946600,145.88999938964844,147.00999450683594,140.14999389648438,141.97999572753906,146.75999450683594
2024-11-22,145.92999267578125,147.16000366210938,141.10000610351562,141.9499969482422,141.92715454101562,236406200,146.6699981689453,145.88999938964844,147.00999450683594,140.14999389648438,141.97999572753906
2024-11-25,141.99000549316406,142.0500030517578,135.82000732421875,136.02000427246094,135.9981231689453,344941900,141.9499969482422,146.6699981689453,145.88999938964844,147.00999450683594,140.14999389648438
2024-11-26,137.6999969482422,139.3000030517578,135.6699981689453,136.9199981689453,136.89797973632812,190287700,136.02000427246094,141.9499969482422,146.6699981689453,145.88999938964844,147.00999450683594
2024-11-27,135.00999450683594,137.22000122070312,131.8000030517578,135.33999633789062,135.31822204589844,226370900,136.9199981689453,136.02000427246094,141.9499969482422,146.6699981689453,145.88999938964844
2024-11-29,136.77999877929688,139.35000610351562,136.0500030517578,138.25,138.22776794433594,141863200,135.33999633789062,136.9199981689453,136.02000427246094,141.9499969482422,146.6699981689453
2024-12-02,138.8300018310547,140.4499969482422,137.82000732421875,138.6300048828125,138.60769653320312,171682800,138.25,135.33999633789062,136.9199981689453,136.02000427246094,141.9499969482422
2024-12-03,138.25999450683594,140.5399932861328,137.9499969482422,140.25999450683594,140.23744201660156,164414000,138.6300048828125,138.25,135.33999633789062,136.9199981689453,136.02000427246094
2024-12-04,142.0,145.7899932861328,140.2899932861328,145.13999938964844,145.1166534423828,231224300,140.25999450683594,138.6300048828125,138.25,135.33999633789062,136.9199981689453
2024-12-05,145.11000061035156,146.5399932861328,143.9499969482422,145.05999755859375,145.04666137695312,172621200,145.13999938964844,140.25999450683594,138.6300048828125,138.25,135.33999633789062
2024-12-06,144.60000610351562,145.6999969482422,141.30999755859375,142.44000244140625,142.42689514160156,188505600,145.05999755859375,145.13999938964844,140.25999450683594,138.6300048828125,138.25
2024-12-09,138.97000122070312,139.9499969482422,137.1300048828125,138.80999755859375,138.79722595214844,189308600,142.44000244140625,145.05999755859375,145.13999938964844,140.25999450683594,138.6300048828125
2024-12-10,139.00999450683594,141.82000732421875,133.7899932861328,135.07000732421875,135.05758666992188,210020900,138.80999755859375,142.44000244140625,145.05999755859375,145.13999938964844,140.25999450683594
2024-12-11,137.36000061035156,140.1699981689453,135.2100067138672,139.30999755859375,139.29718017578125,184905200,135.07000732421875,138.80999755859375,142.44000244140625,145.05999755859375,145.13999938964844
2024-12-12,137.0800018310547,138.44000244140625,135.8000030517578,137.33999633789062,137.32736206054688,159211400,139.30999755859375,135.07000732421875,138.80999755859375,142.44000244140625,145.05999755859375
2024-12-13,138.94000244140625,139.60000610351562,132.5399932861328,134.25,134.23765563964844,231514900,137.33999633789062,139.30999755859375,135.07000732421875,138.80999755859375,142.44000244140625
2024-12-16,134.17999267578125,134.39999389648438,130.4199981689453,132.0,131.98785400390625,237951100,134.25,137.33999633789062,139.30999755859375,135.07000732421875,138.80999755859375
2024-12-17,129.08999633789062,131.58999633789062,126.86000061035156,130.38999938964844,130.3780059814453,259410300,132.0,134.25,137.33999633789062,139.30999755859375,135.07000732421875
2024-12-18,133.86000061035156,136.6999969482422,128.27999877929688,128.91000366210938,128.8981475830078,277444500,130.38999938964844,132.0,134.25,137.33999633789062,139.30999755859375
2024-12-19,131.75999450683594,134.02999877929688,129.5500030517578,130.67999267578125,130.6679688,209719200,128.91000366210938,130.38999938964844,132.0,134.25,137.33999633789062
2024-12-20,129.80999755859375,135.27999877929688,128.22000122070312,134.6999969482422,134.68760681152344,306528600,130.67999267578125,128.91000366210938,130.38999938964844,132.0,134.25
2024-12-23,136.27999877929688,139.7899932861328,135.1199951171875,139.6699981689453,139.6571502685547,176053500,134.6999969482422,130.67999267578125,128.91000366210938,130.38999938964844,132.0
2024-12-24,140.0,141.89999389648438,138.64999389648438,140.22000122070312,140.2071075439453,105157000,139.6699981689453,134.6999969482422,130.67999267578125,128.91000366210938,130.38999938964844
2024-12-26,139.6999969482422,140.85000610351562,137.72999572753906,139.92999267578125,139.91712951660156,116205600,140.22000122070312,139.6699981689453,134.6999969482422,130.67999267578125,128.91000366210938
2024-12-27,138.5500030517578,139.02000427246094,134.7100067138672,137.00999450683594,136.9973907470703,170582600,139.92999267578125,140.22000122070312,139.6699981689453,134.6999969482422,130.67999267578125
2024-12-30,134.8300018310547,140.27000427246094,134.02000427246094,137.49000549316406,137.47735595703125,167734700,137.00999450683594,139.92999267578125,140.22000122070312,139.6699981689453,134.6999969482422
2024-12-31,138.02999877929688,138.07000732421875,133.8300018310547,134.2899932861328,134.27764892578125,155659200,137.49000549316406,137.00999450683594,139.92999267578125,140.22000122070312,139.6699981689453
