Date,Open,High,Low,Close,Adj Close,Volume
3/1/2023,14.85099983215332,14.996000289916992,14.095999717712402,14.31499958,14.303279876708984,401277000
4/1/2023,14.567000389099121,14.852999687194824,14.241000175476074,14.74899959564209,14.736924171447754,431324000
5/1/2023,14.491000175476074,14.564000129699707,14.14799976348877,14.265000343322754,14.253320693969727,389168000
6/1/2023,14.473999977111816,15.010000228881836,14.034000396728516,14.859000205993652,14.846835136413574,405044000
9/1/2023,15.284000396728516,16.055999755859375,15.140999794006348,15.628000259399414,15.615203857421875,504231000
10/1/2023,15.506999969482422,15.961999893188477,15.472000122070312,15.909000396728516,15.895974159240723,384101000
11/1/2023,15.84000015258789,16.027999877929688,15.562999725341797,16.000999450683594,15.987897872924805,353285000
12/1/2023,16.100000381469727,16.636999130249023,15.491999626159668,16.51099967956543,16.497482299804688,551409000
13/1/2023,16.277999877929688,16.922000885009766,16.165000915527344,16.89900016784668,16.885162353515625,447287000
17/1/2023,16.89900016784668,17.72800064086914,16.89900016784668,17.70199966430664,17.68750762939453,511102000
18/1/2023,17.66699981689453,17.87299919128418,17.281999588012695,17.37700080871582,17.362775802612305,439624000
19/1/2023,17.035999298095703,17.19700050354004,16.731000900268555,16.764999389648438,16.751272201538086,452932000
20/1/2023,17.01099967956543,17.856000900268555,16.825000762939453,17.839000701904297,17.82439422607422,564967000
23/1/2023,18.06399917602539,19.24500084,17.81800079345703,19.19300079345703,19.17728614807129,655163000
24/1/2023,18.82699966430664,19.49500084,18.81999969482422,19.264999389648438,19.24922752380371,496204000
25/1/2023,18.913000106811523,19.37000084,18.579999923706055,19.322999954223633,19.307178497314453,449537000
26/1/2023,19.701000213623047,20.166000366210938,19.277999877929688,19.802000045776367,19.785785675048828,489535000
27/1/2023,19.461999893188477,20.628000259399414,19.405000686645508,20.364999771118164,20.34832763671875,542142000
30/1/2023,19.950000762939453,20.139999389648438,19.149999618530273,19.16200065612793,19.14631462097168,488611000
31/1/2023,19.170000076293945,19.687000274658203,18.950000762939453,19.53700065612793,19.521005630493164,498017000
1/2/2023,19.69099998474121,21.191999435424805,19.611000061035156,20.94300079345703,20.92585563659668,660477000
2/2/2023,21,21.948999404907227,20.700000762939453,21.708999633789062,21.691225051879883,564276000
3/2/2023,21,21.74500084,20.788999557495117,21.100000381469727,21.08272361755371,429366000
6/2/2023,20.805999755859375,21.56999969482422,20.785999298095703,21.089000701904297,21.071735382080078,452197000
7/2/2023,21.381999969482422,22.259000778198242,21.149999618530273,22.17300033569336,22.154848098754883,664150000
8/2/2023,22.386999130249023,22.878000259399414,22.007999420166016,22.204999923706055,22.18682098388672,559651000
9/2/2023,22.606000900268555,23.020000457763672,22.12000084,22.336999893188477,22.31871223449707,523876000
10/2/2023,21.690000534057617,22.077999114990234,20.81100082397461,21.264999389648438,21.247587203979492,550737000
13/2/2023,21.538000106811523,22.04800033569336,20.961999893188477,21.788000106811523,21.770160675048828,474919000
14/2/2023,21.577999114990234,23.048999786376953,21.365999221801758,22.97100067138672,22.952194213867188,675474000
15/2/2023,22.548999786376953,22.854999542236328,22.106000900268555,22.763999938964844,22.74536133,420575000
16/2/2023,22.132999420166016,22.549999237060547,21.927000045776367,22.00200080871582,21.983989715576172,412026000
17/2/2023,21.631000518798828,21.739999771118164,20.975000381469727,21.38800048828125,21.370487213134766,465888000
21/2/2023,21,21.493999481201172,20.618000030517578,20.655000686645508,20.638090133666992,410015000
22/2/2023,20.707000732421875,21.104000091552734,20.42099952697754,20.753999710083008,20.737009048461914,513184000
23/2/2023,23.440000534057617,23.88800048828125,23.024999618530273,23.663999557495117,23.644624710083008,1117995000
24/2/2023,23.225000381469727,23.474000930786133,22.94700050354004,23.285999298095703,23.26693344116211,589716000
27/2/2023,23.670000076293945,23.87999916,23.45400047302246,23.500999450683594,23.48175621032715,452994000
28/2/2023,23.371999740600586,23.825000762939453,23.20599937438965,23.215999603271484,23.196989059448242,455963000
1/3/2023,23.191999435424805,23.256000518798828,22.507999420166016,22.697999954223633,22.67941665649414,460026000
2/3/2023,22.488000869750977,23.37999916,22.43199920654297,23.31399917602539,23.29490852355957,389415000
3/3/2023,23.31999969482422,23.899999618530273,23.12999916,23.889999389648438,23.870439529418945,412393000
6/3/2023,23.891000747680664,24.24799919128418,23.48699951171875,23.554000854492188,23.534717559814453,437429000
7/3/2023,23.600000381469727,24.125,23.240999221801758,23.288000106811523,23.272884368896484,515154000
8/3/2023,23.48699951171875,24.200000762939453,23.423999786376953,24.180999755859375,24.16530418395996,513573000
9/3/2023,24.174999237060547,24.45400047302246,23.382999420166016,23.43600082397461,23.42078971862793,501257000
10/3/2023,23.409000396728516,23.62700080871582,22.72599983215332,22.96500015258789,22.95009422302246,474866000
13/3/2023,22.75200080871582,23.29800033569336,22.297000885009766,22.965999603271484,22.951091766357422,421890000
14/3/2023,23.496000289916992,24.21899986,23.459999084472656,24.062999725341797,24.047380447387695,474910000
15/3/2023,23.76099967956543,24.285999298095703,23.360000610351562,24.22800064086914,24.21227455,524486000
16/3/2023,24.027000427246094,25.58799934387207,23.893999099731445,25.541000366210938,25.524423599243164,583253000
17/3/2023,25.98200035095215,26.39900016784668,25.667999267578125,25.725000381469727,25.708301544189453,848547000
20/3/2023,25.614999771118164,26.02400016784668,25.12999916,25.899999618530273,25.88319206237793,432747000
21/3/2023,26.18000030517578,26.392000198364258,25.381000518798828,26.198999404907227,26.18199348449707,547408000
22/3/2023,26.424999237060547,27.589000701904297,26.23699951171875,26.468000411987305,26.45081901550293,797295000
23/3/2023,27.114999771118164,27.499000549316406,26.690000534057617,27.19099998474121,27.173351287841797,564889000
24/3/2023,27.03100014,27.16699981689453,26.354999542236328,26.77899932861328,26.76161766052246,454920000
27/3/2023,26.836999893188477,27,26.364999771118164,26.53100014,26.51378059387207,361026000
28/3/2023,26.44700050354004,26.51300048828125,25.850000381469727,26.40999984741211,26.392858505249023,356104000
29/3/2023,26.825000762939453,27.077999114990234,26.597000122070312,26.983999252319336,26.96648406982422,393694000
30/3/2023,27.229000091552734,27.499000549316406,27.101999282836914,27.382999420166016,27.36522674560547,364516000
31/3/2023,27.139999389648438,27.833999633789062,27.104999542236328,27.777000427246094,27.758974075317383,433933000
3/4/2023,27.509000778198242,28,27.336000442504883,27.96500015258789,27.946847915649414,398716000
4/4/2023,27.965999603271484,28,27.30699920654297,27.452999114990234,27.435182571411133,368592000
5/4/2023,26.82900047302246,26.99799919128418,26.395000457763672,26.881000518798828,26.86355209350586,515015000
6/4/2023,26.583999633789062,27.079999923706055,26.427000045776367,27.03700065612793,27.019453048706055,397654000
10/4/2023,26.822999954223633,27.621000289916992,26.66900062561035,27.57900047302246,27.56110382080078,395279000
11/4/2023,27.724000930786133,27.790000915527344,27.125999450683594,27.16900062561035,27.15136719,314378000
12/4/2023,27.37000084,27.468000411987305,26.447999954223633,26.49500084,26.477802276611328,446259000
13/4/2023,26.733999252319336,26.886999130249023,26.32900047302246,26.46299934387207,26.445823669433594,353615000
14/4/2023,26.503999710083008,26.882999420166016,26.219999313354492,26.757999420166016,26.740633010864258,395660000
17/4/2023,26.565000534057617,27.006000518798828,26.433000564575195,27.00200080871582,26.984472274780273,321471000
18/4/2023,27.533000946044922,28.110000610351562,27.35700035095215,27.66699981689453,27.649044036865234,604812000
19/4/2023,27.361000061035156,28,27.23200035095215,27.930999755859375,27.912872314453125,358660000
20/4/2023,27.67099952697754,28.030000686645508,27,27.104000091552734,27.086408615112305,427713000
21/4/2023,26.95199966430664,27.183000564575195,26.722000122070312,27.118999481201172,27.101396560668945,345103000
24/4/2023,27.01300048828125,27.365999221801758,26.67099952697754,27.04199981689453,27.024452209472656,339282000
25/4/2023,27.077999114990234,27.246999740600586,26.225000381469727,26.240999221801758,26.223970413208008,378527000
26/4/2023,27.00200080871582,27.329999923706055,26.704999923706055,26.95599937438965,26.938505172729492,406337000
27/4/2023,27.363000869750977,27.49500084,26.625,27.22599983215332,27.208328247070312,377161000
28/4/2023,27.225000381469727,27.757999420166016,27.070999145507812,27.749000549316406,27.730989456176758,292216000
1/5/2023,27.84000015258789,29.058000564575195,27.780000686645508,28.90999984741211,28.89123535,570329000
2/5/2023,28.68000030517578,28.836000442504883,28.08300018310547,28.209999084472656,28.191688537597656,402730000
3/5/2023,27.84000015258789,28.367000579833984,27.472000122070312,27.802000045776367,27.783954620361328,383387000
4/5/2023,27.650999069213867,27.858999252319336,27.239999771118164,27.562000274658203,27.544111251831055,321850000
5/5/2023,27.826000213623047,28.75499916,27.731000900268555,28.68000030517578,28.661388397216797,361494000
8/5/2023,28.52199935913086,29.219999313354492,28.350000381469727,29.150999069213867,29.132078170776367,344979000
9/5/2023,28.89900016784668,28.972999572753906,28.450000762939453,28.570999145507812,28.552453994750977,314869000
10/5/2023,29.00499916,29.113000869750977,28.461000442504883,28.885000228881836,28.866254806518555,369350000
11/5/2023,28.895999908447266,28.950000762939453,28.246000289916992,28.577999114990234,28.559452056884766,322149000
12/5/2023,28.52899932861328,28.780000686645508,28.04599952697754,28.34000015258789,28.32160758972168,274222000
15/5/2023,28.507999420166016,28.96899986,28.152000427246094,28.952999114990234,28.934207916259766,293926000
16/5/2023,28.840999603271484,29.87000084,28.832000732421875,29.21299934387207,29.194040298461914,449405000
17/5/2023,29.583999633789062,30.198999404907227,29.43000030517578,30.17799949645996,30.15841293334961,432535000
18/5/2023,30.40999984741211,31.827999114990234,30.31999969482422,31.67799949645996,31.657438278198242,748725000
19/5/2023,31.535999298095703,31.579999923706055,30.916000366210938,31.263999938964844,31.24370765686035,473908000
22/5/2023,30.900999069213867,31.520000457763672,30.68000030517578,31.176000595092773,31.155765533447266,372000000
23/5/2023,31,31.288000106811523,30.631000518798828,30.687999725341797,30.66808319091797,356253000
24/5/2023,30.209999084472656,30.60700035095215,29.805999755859375,30.538000106811523,30.518177032470703,721419000
25/5/2023,38.52299880981445,39.47999954223633,36.63499832,37.97999954223633,37.95534896850586,1543911000
26/5/2023,37.88999938964844,39.16999816894531,37.54999923706055,38.94599914550781,38.920719146728516,714397000
30/5/2023,40.595001220703125,41.93799973,39.94900131225586,40.111000061035156,40.08497238,923401000
31/5/2023,39.487998962402344,40.29499816894531,37.821998596191406,37.83399963378906,37.809444427490234,1002580000
1/6/2023,38.48899841308594,40.04999923706055,38.34000015258789,39.77000045776367,39.74419021606445,635873000
2/6/2023,40.09700012207031,40.5,39.05799865722656,39.32699966430664,39.30147171020508,482731000
5/6/2023,38.909000396728516,39.564998626708984,38.707000732421875,39.17100143432617,39.14557647705078,396094000
6/6/2023,38.83000183105469,39.15999984741211,38.14799880981445,38.65399932861328,38.628910064697266,388729000
7/6/2023,38.915000915527344,39.499000549316406,37.35599899291992,37.474998474121094,37.45454788208008,511998000
8/6/2023,37.72399902,38.86399841308594,37.505001068115234,38.50999832,38.488990783691406,417772000
9/6/2023,39.03699875,39.71099853515625,38.56700134277344,38.77000045776367,38.74884796142578,427717000
12/6/2023,39.20000076293945,39.529998779296875,38.61800003051758,39.481998443603516,39.460453033447266,388701000
13/6/2023,40.18600082397461,41.10100173950195,39.74000168,41.02199935913086,40.99961471557617,613208000
14/6/2023,40.82400131225586,43,40.551998138427734,42.99700164794922,42.973541259765625,740465000
15/6/2023,42.60200119018555,43.28900146484375,42.14699935913086,42.65299987792969,42.629730224609375,568622000
16/6/2023,43.45000076293945,43.72100067138672,42.6609993,42.69200134277344,42.668704986572266,655709000
20/6/2023,42.99800109863281,43.99000168,42.67399978637695,43.80799865722656,43.78409194946289,451153000
21/6/2023,43.500999450683594,43.61500168,42.08000183105469,43.04499816894531,43.021514892578125,551603000
22/6/2023,42.25299835205078,43.42599868774414,42.23400115966797,43.025001525878906,43.00152587890625,417737000
23/6/2023,42.4640007,42.808998107910156,42.01499938964844,42.20899963378906,42.185970306396484,358140000
26/6/2023,42.46099853515625,42.763999938964844,40.099998474121094,40.63199996948242,40.60982894897461,594322000
27/6/2023,40.79899978637695,41.939998626708984,40.448001861572266,41.875999450683594,41.853153228759766,462175000
28/6/2023,40.65999984741211,41.845001220703125,40.518001556396484,41.117000579833984,41.09456253051758,582639000
29/6/2023,41.55799865722656,41.599998474121094,40.599998474121094,40.821998596191406,40.79972457885742,380514000
30/6/2023,41.68000030517578,42.54999923706055,41.500999450683594,42.301998138427734,42.27891922,501148000
3/7/2023,42.516998291015625,42.89799880981445,42.20199966430664,42.41299819946289,42.389854431152344,198209000
5/7/2023,42.13499832,43.176998138427734,42.084999084472656,42.31700134277344,42.29391098022461,323618000
6/7/2023,41.84400177001953,42.17900085449219,41.34600067138672,42.10300064086914,42.08002853393555,303582000
7/7/2023,42.321998596191406,43.2140007,42.18000030517578,42.50299835205078,42.47980499267578,355881000
10/7/2023,42.65700149536133,42.81100082397461,41.64899826049805,42.18000030517578,42.15698242,353908000
11/7/2023,42.48099899291992,42.757999420166016,42.06700134277344,42.404998779296875,42.381858825683594,298244000
12/7/2023,43.03300094604492,43.935001373291016,42.777000427246094,43.902000427246094,43.87804412841797,481277000
13/7/2023,44.518001556396484,46.154998779296875,44.492000579833984,45.97700119018555,45.95191192626953,478204000
14/7/2023,46.58300018310547,48.08800125,45.060001373291016,45.46900177001953,45.444190979003906,772075000
17/7/2023,46.28900146484375,46.49599838256836,45.262001037597656,46.46099853515625,46.43564987182617,510488000
18/7/2023,46.70100021362305,47.895999908447266,45.73400115966797,47.49399948120117,47.46808624267578,569164000
19/7/2023,47.4640007,47.81800079345703,46.742000579833984,47.07699966430664,47.05131530761719,427502000
20/7/2023,46.50699996948242,47.08700180053711,45.06200027,45.52000045776367,45.49516296386719,537865000
21/7/2023,45.78799819946289,45.86600112915039,44.099998474121094,44.308998107910156,44.284820556640625,963769000
24/7/2023,44.73099899291992,45.10900115966797,44.040000915527344,44.61199951171875,44.58766174316406,382516000
25/7/2023,44.941001892089844,46.18299865722656,44.92300033569336,45.67900085449219,45.654075622558594,348081000
26/7/2023,46.020999908447266,46.053001403808594,44.630001068115234,45.45199966430664,45.42720413208008,364237000
27/7/2023,46.51900100708008,47.39500045776367,45.75,45.900001525878906,45.87495803833008,455976000
28/7/2023,46.667999267578125,47.027000427246094,46.38100051879883,46.75,46.72449493408203,331194000
31/7/2023,46.75400161743164,47.130001068115234,46.50600051879883,46.729000091552734,46.70350266,251055000
1/8/2023,46.459999084472656,46.900001525878906,46.027000427246094,46.50699996948242,46.481624603271484,237858000
2/8/2023,45.83100128173828,45.84000015258789,43.387001037597656,44.26900100708008,44.244850158691406,530142000
3/8/2023,43.79999923706055,45.11800003051758,43.79999923706055,44.51499938964844,44.49071121,324176000
4/8/2023,44.98500061035156,45.641998291015625,44.393001556396484,44.68000030517578,44.655616760253906,362666000
7/8/2023,45.111000061035156,45.540000915527344,44.56299973,45.41699981689453,45.392215728759766,322154000
8/8/2023,44.85300064086914,45.242000579833984,44.055999755859375,44.66400146484375,44.63964080810547,353843000
9/8/2023,44.27399826049805,44.31200027,42.13399887084961,42.55400085449219,42.53078079223633,586449000
10/8/2023,42.15999984741211,43.57400131225586,41.834999084472656,42.38800048828125,42.36487579345703,492705000
11/8/2023,41.750999450683594,42.018001556396484,40.638999938964844,40.85499954223633,40.832706451416016,533085000
14/8/2023,40.486000061035156,43.79999923706055,40.31100082397461,43.75299835205078,43.72912598,690286000
15/8/2023,44.560001373291016,45.268001556396484,43.709999084472656,43.939998626708984,43.91602325439453,676512000
16/8/2023,44.52000045776367,44.67499923706055,43.40599822998047,43.486000061035156,43.46227264404297,527451000
17/8/2023,43.970001220703125,44.06200027,43.000999450683594,43.34400177001953,43.32034683227539,452395000
18/8/2023,42.63499832,43.577999114990234,41.65999984741211,43.29899978637695,43.27537155151367,583768000
21/8/2023,44.49399948120117,47.064998626708984,44.22200012207031,46.96699905395508,46.94137191772461,692573000
22/8/2023,48.13499832,48.18700027,45.33300018310547,45.667999267578125,45.64308166503906,755293000
23/8/2023,45.86600112915039,47.20000076293945,45.20800018310547,47.11600112915039,47.090293884277344,779046000
24/8/2023,50.215999603271484,50.26599884033203,47.159000396728516,47.16299819946289,47.13726806640625,1156044000
25/8/2023,47.012001037597656,47.80500030517578,45.02399826049805,46.018001556396484,45.99288558959961,925341000
28/8/2023,46.481998443603516,46.97999954223633,44.88800048828125,46.834999084472656,46.809444427490234,685192000
29/8/2023,46.66600036621094,49.08100128173828,46.39099884033203,48.784000396728516,48.757381439208984,701397000
30/8/2023,49.04399871826172,49.926998138427734,48.42499923706055,49.263999938964844,49.237125396728516,735206000
31/8/2023,49.380001068115234,49.74399948120117,48.95800018310547,49.35499954223633,49.32807540893555,528570000
1/9/2023,49.762001037597656,49.79999923706055,48.141998291015625,48.50899887084961,48.4825325,463830000
5/9/2023,48.222999572753906,48.85100173950195,47.86000061035156,48.54800033569336,48.521514892578125,382653000
6/9/2023,48.441001892089844,48.54899978637695,46.58000183105469,47.06100082397461,47.03919601,468670000
7/9/2023,45.525001525878906,46.34400177001953,45.152000427246094,46.24100112915039,46.219573974609375,433330000
8/9/2023,45.94200134277344,46.60599899291992,45.270999908447266,45.571998596191406,45.55088806152344,473069000
11/9/2023,46.14799880981445,46.16299819946289,44.31200027,45.178001403808594,45.157066345214844,473966000
12/9/2023,44.737998962402344,45.67300033569336,44.53099822998047,44.869998931884766,44.849212646484375,349256000
13/9/2023,44.599998474121094,45.93000030517578,44.50299835205078,45.48500061035156,45.463932037353516,398355000
14/9/2023,45.95000076293945,45.98699951171875,45.13100051879883,45.58100128173828,45.55988311767578,370097000
15/9/2023,45.340999603271484,45.59899902,43.80799865722656,43.900001525878906,43.879661560058594,506831000
18/9/2023,42.74800109863281,44.242000579833984,42,43.965999603271484,43.94562530517578,500271000
19/9/2023,43.83300018310547,43.965999603271484,43.00199890136719,43.52000045776367,43.49983596801758,373064000
20/9/2023,43.599998474121094,43.90299987792969,42.222999572753906,42.23899841308594,42.21943283081055,367108000
21/9/2023,41.58300018310547,42.099998474121094,40.97999954223633,41.016998291015625,40.99799728393555,450736000
22/9/2023,41.571998596191406,42.11500168,41.23099899291992,41.61000061035156,41.590721130371094,479236000
25/9/2023,41.590999603271484,42.5359993,41.176998138427734,42.22200012207031,42.20244216918945,419091000
26/9/2023,42.000999450683594,42.81999969482422,41.654998779296875,41.9109993,41.89158248901367,402282000
27/9/2023,42.33000183105469,42.87200164794922,41.62900161743164,42.46799850463867,42.44832229614258,444935000
28/9/2023,42.459999084472656,43.44599914550781,42.11500168,43.0890007,43.069034576416016,424663000
29/9/2023,43.82699966430664,44.14400100708008,43.30699920654297,43.499000549316406,43.47885513305664,397830000
2/10/2023,44.029998779296875,45.17499923706055,43.861000061035156,44.78200149536133,44.761253356933594,433298000
3/10/2023,44.80799865722656,45.130001068115234,43.24599838256836,43.516998291015625,43.49683380126953,470850000
4/10/2023,43.742000579833984,44.143001556396484,43.29199981689453,44.04100036621094,44.020599365234375,361821000
5/10/2023,44.04999923706055,44.900001525878906,43.88800048828125,44.68799973,44.667293548583984,393483000
6/10/2023,44.19300079345703,45.78900146484375,44.02600098,45.762001037597656,45.74079895019531,434436000
9/10/2023,44.84199905395508,45.60499954223633,44.36800003051758,45.27299880981445,45.25202560424805,409675000
10/10/2023,45.310001373291016,46.25899887084961,45.08800125,45.79800033569336,45.77678298950195,368582000
11/10/2023,46.19599914550781,46.85900115966797,46.04999923706055,46.805999755859375,46.7843132,378137000
12/10/2023,46.777000427246094,47.60900115966797,46.33000183105469,46.94499969482422,46.92325210571289,481325000
13/10/2023,46.959999084472656,47.11600112915039,45.279998779296875,45.46099853515625,45.43993377685547,474115000
16/10/2023,45.06299973,46.224998474121094,44.91199875,46.095001220703125,46.07365036010742,375099000
17/10/2023,44,44.75400161743164,42.47999954223633,43.93799973,43.91764450073242,812333000
18/10/2023,42.590999603271484,43.21900177001953,41.82500076293945,42.19599914550781,42.17645263671875,627294000
19/10/2023,42.81100082397461,43.297000885009766,41.88199996948242,42.10100173950195,42.08149719238281,501233000
20/10/2023,41.88999938964844,42.470001220703125,41.077999114990234,41.387001037597656,41.36782455444336,477266000
23/10/2023,41.229000091552734,43.24800109863281,40.94499969482422,42.974998474121094,42.95509338378906,478530000
24/10/2023,43.07699966430664,43.696998596191406,42.691001892089844,43.66299819946289,43.64277267456055,401463000
25/10/2023,43.39799880981445,43.650001525878906,41.55500030517578,41.77899932861328,41.75964355,398379000
26/10/2023,41.85300064086914,42.25600051879883,39.880001068115234,40.32600021362305,40.30731964111328,541001000
27/10/2023,41.130001068115234,41.20600128173828,40.01499938964844,40.5,40.481239318847656,416784000
30/10/2023,41.08700180053711,41.76599884033203,40.48099899291992,41.1609993,41.141929626464844,388028000
31/10/2023,40.45000076293945,40.87900161743164,39.22999954223633,40.779998779296875,40.7611084,517969000
1/11/2023,40.88399887084961,42.38100051879883,40.86899948120117,42.32500076293945,42.305397033691406,437593000
2/11/2023,43.327999114990234,43.88399887084961,42.89400100708008,43.50600051879883,43.48583984,409172000
3/11/2023,44.02000045776367,45.308998107910156,43.722999572753906,45.005001068115234,44.98414993286133,424610000
6/11/2023,45.28499984741211,45.935001373291016,44.89899826049805,45.750999450683594,45.729801177978516,400733000
7/11/2023,45.71900177001953,46.21799850463867,45.15800094604492,45.95500183105469,45.933712005615234,343165000
8/11/2023,46.099998474121094,46.867000579833984,45.96799850463867,46.57400131225586,46.55242156982422,346719000
9/11/2023,47.46699905395508,48.22999954223633,46.75,46.95000076293945,46.92824935913086,540496000
10/11/2023,47.5,48.47200012207031,47.28300094604492,48.334999084472656,48.31260299682617,421245000
13/11/2023,48.31999969482422,49.11600112915039,48.09899902,48.619998931884766,48.59747314453125,384136000
14/11/2023,49.68000030517578,49.83399963378906,49.040000915527344,49.65599822998047,49.632991790771484,416954000
15/11/2023,49.935001373291016,49.959999084472656,48.20000076293945,48.88800048828125,48.865352630615234,475497000
16/11/2023,48.67900085449219,49.525001525878906,48.33000183105469,49.47999954223633,49.45708084106445,339756000
17/11/2023,49.52399826049805,49.71699905395508,49.00699996948242,49.29800033569336,49.27516555786133,325205000
20/11/2023,49.31200027,50.54800033569336,49.180999755859375,50.409000396728516,50.38564682006836,414120000
21/11/2023,50.125999450683594,50.516998291015625,49.22200012207031,49.944000244140625,49.920860290527344,565747000
22/11/2023,49.85200119018555,50.334999084472656,47.689998626708984,48.715999603271484,48.69342803955078,899420000
24/11/2023,48.470001220703125,48.92100143432617,47.744998931884766,47.77600098,47.75386428833008,294645000
27/11/2023,47.79999923706055,48.529998779296875,47.652000427246094,48.242000579833984,48.21965026855469,395662000
28/11/2023,48.236000061035156,48.323001861572266,47.472999572753906,47.82099914550781,47.79884338378906,401491000
29/11/2023,48.37900161743164,48.762001037597656,47.86000061035156,48.13999938964844,48.11770248413086,382005000
30/11/2023,48.02399826049805,48.11000061035156,46.422000885009766,46.77000045776367,46.74833679199219,526247000
1/12/2023,46.525001525878906,47.20000076293945,46.18700027,46.76499938964844,46.74333572387695,369317000
4/12/2023,46.07699966430664,46.07699966430664,45.00999832,45.50999832,45.48891067504883,437543000
5/12/2023,45.465999603271484,46.599998474121094,45.270999908447266,46.566001892089844,46.548519134521484,371718000
6/12/2023,47.21500015258789,47.387001037597656,45.41199875,45.50299835205078,45.48591232299805,380590000
7/12/2023,45.70000076293945,46.62900161743164,45.604000091552734,46.59600067138672,46.57851028442383,350823000
8/12/2023,46.595001220703125,47.74100112915039,46.54999923706055,47.50600051879883,47.48816680908203,359224000
11/12/2023,47.49100112915039,47.53099822998047,45.83000183105469,46.62699890136719,46.60949707,509728000
12/12/2023,46.04600143432617,47.66600036621094,46.04600143432617,47.65700149536133,47.63911056518555,372387000
13/12/2023,47.62900161743164,48.59400177001953,47.608001708984375,48.08800125,48.06995391845703,447792000
14/12/2023,48.38999938964844,48.66999816894531,47.422000885009766,48.349998474121094,48.33184814453125,391232000
15/12/2023,48.194000244140625,49.40399932861328,48.119998931884766,48.88999938964844,48.871646881103516,479948000
18/12/2023,49.400001525878906,50.43299865722656,49.150001525878906,50.07699966430664,50.05820083618164,412587000
19/12/2023,49.42399978637695,49.70000076293945,48.89500045776367,49.604000091552734,49.58537673950195,464444000
20/12/2023,49.654998779296875,49.999000549316406,48.097999572753906,48.111000061035156,48.092933654785156,397894000
21/12/2023,48.81100082397461,49.095001220703125,48.41899871826172,48.99000168,48.97161102294922,300425000
22/12/2023,49.19499969482422,49.382999420166016,48.46699905395508,48.83000183105469,48.81167221069336,252507000
26/12/2023,48.96799850463867,49.599998474121094,48.959999084472656,49.27899932861328,49.26049805,244200000
27/12/2023,49.51100158691406,49.68000030517578,49.084999084472656,49.41699981689453,49.39844894,233648000
28/12/2023,49.643001556396484,49.88399887084961,49.41199875,49.52199935913086,49.50341033935547,246587000
29/12/2023,49.81299973,49.99700164794922,48.750999450683594,49.52199935913086,49.50341033935547,389293000
2/1/2024,49.24399948120117,49.29499816894531,47.595001220703125,48.167999267578125,48.14991760253906,411254000
3/1/2024,47.48500061035156,48.183998107910156,47.31999969482422,47.569000244140625,47.551143646240234,320896000
4/1/2024,47.766998291015625,48.5,47.507999420166016,47.99800109863281,47.979984283447266,306535000
5/1/2024,48.46200180053711,49.547000885009766,48.305999755859375,49.09700012207031,49.07856750488281,415039000
8/1/2024,49.512001037597656,52.275001525878906,49.479000091552734,52.25299835205078,52.23337936401367,642510000
9/1/2024,52.40100098,54.32500076293945,51.689998626708984,53.13999938964844,53.120052337646484,773100000
10/1/2024,53.61600112915039,54.599998474121094,53.48899841308594,54.349998474121094,54.32960129,533796000
11/1/2024,54.999000549316406,55.34600067138672,53.560001373291016,54.821998596191406,54.801422119140625,596759000
12/1/2024,54.619998931884766,54.970001220703125,54.33000183105469,54.709999084472656,54.689456939697266,352994000
16/1/2024,55.018001556396484,56.834999084472656,54.900001525878906,56.38199996948242,56.360836029052734,449580000
17/1/2024,56.34700012207031,56.47100067138672,54.74000168,56.053001403808594,56.031959533691406,474394000
18/1/2024,57.25999832,57.599998474121094,56.106998443603516,57.106998443603516,57.08555984,491650000
19/1/2024,57.98899841308594,59.5,57.224998474121094,59.49100112915039,59.468666076660156,543501000
22/1/2024,60.04899978637695,60.33100128173828,59.06999969482422,59.65399932861328,59.63160705566406,452955000
23/1/2024,59.56999969482422,59.90999984741211,58.584999084472656,59.87300109863281,59.850528717041016,294654000
24/1/2024,60.30400085449219,62.84899902,59.93799973,61.36199951171875,61.33896255493164,560271000
25/1/2024,62.349998474121094,62.71900177001953,60.849998474121094,61.617000579833984,61.593868255615234,482777000
26/1/2024,60.959999084472656,61.78300094604492,60.573001861572266,61.03099822998047,61.00809097290039,390309000
29/1/2024,61.231998443603516,62.48899841308594,60.90700149536133,62.46500015258789,62.441551208496094,348733000
30/1/2024,62.900001525878906,63.49300003051758,62.25999832,62.77399826049805,62.750431060791016,410735000
31/1/2024,61.439998626708984,62.26900100708008,60.70000076293945,61.527000427246094,61.503902435302734,453795000
1/2/2024,62.099998474121094,63.191001892089844,61.650001525878906,63.027000427246094,63.00334167480469,369146000
2/2/2024,63.97399902,66.59999847,63.689998626708984,66.16000366210938,66.13516998291016,476578000
5/2/2024,68.22499847,69.49700164794922,67.20500183105469,69.33200073242188,69.30597686767578,680078000
6/2/2024,69.62999725341797,69.75399780273438,66.30000305175781,68.22299957,68.19739532470703,683111000
7/2/2024,68.31900024414062,70.22000122070312,67.59999847,70.09899902,70.07267761230469,495575000
8/2/2024,70.0739975,70.79399871826172,69.45500183105469,69.64099884033203,69.61485290527344,414422000
9/2/2024,70.53299713134766,72.18499755859375,70.21199798583984,72.13300323486328,72.10591888427734,436637000
12/2/2024,72.59999847,74.61100006103516,71.25,72.24800109863281,72.22087860107422,613710000
13/2/2024,70.40000153,73.44999694824219,69.62000274658203,72.12799835205078,72.10092926,602580000
14/2/2024,73.20200348,74.23600006103516,71.93800354003906,73.90000153,73.87226104736328,504917000
15/2/2024,73.86900329589844,73.97499847,72.40000153,72.65799713134766,72.63072204589844,420122000
16/2/2024,74.09999847,74.40200043,72.50099945,72.61299896240234,72.58573913574219,495327000
20/2/2024,71.9469986,71.95600128173828,67.73400115966797,69.45200348,69.42592621,704833000
21/2/2024,68.00599670410156,68.88800048828125,66.24800109863281,67.47200012207031,67.44667816,690298000
22/2/2024,75.02500153,78.57499694824219,74.22000122070312,78.53800201416016,78.50852203,865100000
23/2/2024,80.79000091552734,82.39399719238281,77.56999969482422,78.81700134277344,78.78741455078125,829388000
26/2/2024,79.69999694824219,80.64600372314453,78.50499725341797,79.09200286865234,79.06231689453125,503973000
27/2/2024,79.38099670410156,79.48000336,77.16200256347656,78.70099639892578,78.67144775390625,391705000
28/2/2024,77.62000274658203,78.93299865722656,77.125,77.66300201416016,77.63384246826172,393110000
29/2/2024,79.09400177001953,79.98999786376953,78.34999847,79.11199951171875,79.08230590820312,507289000
1/3/2024,80,82.30000305175781,79.43499755859375,82.27899932861328,82.24810791015625,479135000
4/3/2024,84.12999725341797,87.69499969482422,83.71900177001953,85.23699951171875,85.20500183105469,615616000
5/3/2024,85.26999664,86.09700012207031,83.41699981689453,85.96399688720703,85.93576049804688,520639000
6/3/2024,88.02200317382812,89.72399902,87.02999877929688,88.69999694824219,88.67086029052734,582520000
7/3/2024,90.15799713134766,92.76699829101562,89.60199737548828,92.66899871826172,92.6385498,608119000
8/3/2024,95.13800048828125,97.40000153,86.50599670410156,87.52799987792969,87.49925231933594,1142269000
11/3/2024,86.42900085449219,88.79699707,84.16600036621094,85.77400207519531,85.74582672,678364000
12/3/2024,88.04900360107422,91.95999908447266,86.15000153,91.91300201416016,91.88280487060547,668075000
13/3/2024,91.05500030517578,91.50399780273438,88.43499755859375,90.88800048828125,90.85814666748047,635713000
14/3/2024,89.57700348,90.64600372314453,86.59999847,87.94400024414062,87.91510772705078,602318000
15/3/2024,86.93000030517578,89.54599762,86.25700378417969,87.83699798583984,87.80813598632812,642086000
18/3/2024,90.38800048828125,92.40499877929688,87.08499908447266,88.45500183105469,88.42594146728516,668976000
19/3/2024,86.69999694824219,90.54399871826172,85.01000213623047,89.39800262451172,89.36864471435547,672171000
20/3/2024,89.79699707,90.41000366210938,88.22299957,90.37200164794922,90.34231567382812,479063000
21/3/2024,92.30000305175781,92.64800262451172,90.40499877929688,91.43499755859375,91.40496063232422,480372000
22/3/2024,91.14099884033203,94.77799987792969,90.83399963378906,94.28900146484375,94.25803375,586719000
25/3/2024,93.94100189208984,96.76599884033203,93.51000213623047,95.00199890136719,94.97078704833984,552136000
26/3/2024,95.85099792480469,96.375,92.50199890136719,92.56099700927734,92.53058624267578,513648000
27/3/2024,93.11199951171875,93.23999786376953,89.12300109863281,90.25,90.22034454345703,586067000
28/3/2024,90,91.30000305175781,89.19300079345703,90.35600280761719,90.32631683,435212000
1/4/2024,90.29900360107422,92.22499847,89.20400238,90.36299896240234,90.33331298828125,452441000
2/4/2024,88.44799805,90.09400177001953,87.62000274658203,89.45200348,89.42261505126953,433064000
3/4/2024,88.48400115966797,90.37400055,88.40000153,88.96399688720703,88.93477630615234,370067000
4/4/2024,90.40599822998047,90.63400268554688,85.87999725341797,85.90499877929688,85.87677764892578,434965000
5/4/2024,86.86599731445312,88.48100280761719,85.9260025,88.00800323486328,87.97908782958984,399678000
8/4/2024,88.69999694824219,88.83000183105469,86.73200225830078,87.13300323486328,87.10437774658203,283220000
9/4/2024,87.44200134277344,87.63500213623047,83.02200317382812,85.35399627685547,85.32595062,503547000
10/4/2024,83.9260025,87.40000153,83.70899963378906,87.03900146484375,87.01040649414062,431929000
11/4/2024,87.41999816894531,90.73899841308594,86.9260025,90.61599731445312,90.58622741699219,431637000
12/4/2024,89.6989975,90.17500305175781,87.52999877929688,88.18599700927734,88.15702819824219,426805000
15/4/2024,89.09799957,90.61299896240234,85.92900085449219,86.00099945,85.97274780273438,443077000
16/4/2024,86.43299865722656,88.11799621582031,86.06400299072266,87.41500091552734,87.38628387451172,370453000
17/4/2024,88.33999633789062,88.77500153,83.94999694824219,84.03500366210938,84.00739288330078,495400000
18/4/2024,84.97000122070312,86.19000244140625,82.40200043,84.67099762,84.64318084716797,447260000
19/4/2024,83.15000153,84.3239975,75.60600280761719,76.19999694824219,76.17497253417969,875198000
22/4/2024,78.10399627685547,80.07299805,76.40000153,79.51799774169922,79.49188232421875,596341000
23/4/2024,80.76899719238281,82.76899719238281,80.26399993896484,82.42299652,82.39592742919922,438559000
24/4/2024,83.94999694824219,84.08200073242188,79.18299865722656,79.67700195,79.65083312988281,512208000
25/4/2024,78.86799621582031,83.32299805,78.22299957,82.63200378417969,82.6048584,424641000
26/4/2024,83.81800079345703,88.33100128173828,83.38700103759766,87.73500061035156,87.70617676,551011000
29/4/2024,87.59500122070312,87.99199676513672,85.26599884033203,87.75700378417969,87.7281723,388971000
30/4/2024,87.23999786376953,88.81900024414062,86.30000305175781,86.40200043,86.37361907958984,363709000
1/5/2024,85.07700348,86,81.25499725341797,83.04100036621094,83.01371765136719,559863000
2/5/2024,84.4489975,86.23699951171875,83.19999694824219,85.81700134277344,85.78881072998047,377898000
3/5/2024,87.78900146484375,89.28099822998047,87.04000091552734,88.78900146484375,88.75983428955078,398341000
6/5/2024,89.38999938964844,92.22000122070312,89.05500030517578,92.13999938964844,92.10972595214844,376203000
7/5/2024,91.09799957,91.78099822998047,89.01100158691406,90.55400085449219,90.52425384521484,437342000
8/5/2024,89.48300170898438,91.19400024414062,89.41999816894531,90.41200256347656,90.38230133,325721000
9/5/2024,90.52899932861328,91.0719986,88.23100280761719,88.74700164794922,88.71784973144531,378013000
10/5/2024,90.30500030517578,91.40100098,89.22699737548828,89.87799835205078,89.84847259521484,335325000
13/5/2024,90.47799682617188,90.99800109863281,88.52899932861328,90.39900207519531,90.36930847167969,289680000
14/5/2024,89.59899902,91.65100098,88.93399810791016,91.35600280761719,91.32598876953125,296507000
15/5/2024,92.47200012207031,94.86199951171875,91.59899902,94.62999725341797,94.59890747070312,417735000
16/5/2024,94.91000366210938,95.81900024414062,94.10299682617188,94.35900115966797,94.32800293,323952000
17/5/2024,94.36900329589844,94.73999786376953,91.80599975585938,92.47899627685547,92.4486084,359691000
20/5/2024,93.75,95.19999694824219,93.44000244140625,94.77999877929688,94.74887084960938,318764000
21/5/2024,93.59899902,95.40000153,93.18000030517578,95.38600158691406,95.35466766357422,328946000
22/5/2024,95.45899963378906,96.01999664,93.24900055,94.94999694824219,94.91881561279297,548648000
23/5/2024,102.02799987792969,106.31999969482422,101.5199966430664,103.79900360107422,103.76490783691406,835065000
24/5/2024,104.4489974975586,106.4749984741211,103,106.46900177001953,106.43402862548828,429494000
28/5/2024,110.24400329589844,114.93900299072266,109.88300323486328,113.9010009765625,113.86358642578125,652728000
29/5/2024,113.05000305175781,115.49199676513672,110.9010009765625,114.82499694824219,114.78727722167969,557442000
30/5/2024,114.6500015258789,115.81900024414062,109.66300201416016,110.5,110.46369171142578,487350000
31/5/2024,112.5199966430664,112.71700286865234,106.94000244140625,109.63300323486328,109.59699249267578,613263000
3/6/2024,113.62100219726562,115,112.00299835205078,115,114.96222686767578,438392000
4/6/2024,115.71600341796875,116.5999984741211,114.04499816894531,116.43699645996094,116.39875030517578,403324000
5/6/2024,118.37100219726562,122.4489974975586,117.46800231933594,122.44000244140625,122.3997802734375,528402000
6/6/2024,124.0479965209961,125.58699798583984,118.31999969482422,120.99800109863281,120.95825958251953,664696000
7/6/2024,119.7699966430664,121.69200134277344,118.02200317382812,120.88800048828125,120.84829711914062,412386000
10/6/2024,120.37000274658203,123.0999984741211,117.01000213623047,121.79000091552734,121.74999237060547,314162700
11/6/2024,121.7699966430664,122.87000274658203,118.73999786376953,120.91000366210938,120.88021087646484,222551200
12/6/2024,123.05999755859375,126.87999725341797,122.56999969482422,125.19999694824219,125.16914367675781,299595000
13/6/2024,129.38999938964844,129.8000030517578,127.16000366210938,129.61000061035156,129.57806396484375,260704500
14/6/2024,129.9600067138672,132.83999633789062,128.32000732421875,131.8800048828125,131.84751892089844,309320400
17/6/2024,132.99000549316406,133.72999572753906,129.5800018310547,130.97999572753906,130.94773864746094,288504400
18/6/2024,131.13999938964844,136.3300018310547,130.69000244140625,135.5800018310547,135.54660034179688,294335100
20/6/2024,139.8000030517578,140.75999450683594,129.52000427246094,130.77999877929688,130.74778747558594,517768400
21/6/2024,127.12000274658203,130.6300048828125,124.30000305175781,126.56999969482422,126.53881072998047,655484700
24/6/2024,123.23999786376953,124.45999908447266,118.04000091552734,118.11000061035156,118.08090209960938,476060900
25/6/2024,121.19999694824219,126.5,119.31999969482422,126.08999633789062,126.05892181396484,425787500
26/6/2024,126.12999725341797,128.1199951171875,122.5999984741211,126.4000015258789,126.36885833740234,362975900
27/6/2024,124.0999984741211,126.41000366210938,122.91999816894531,123.98999786376953,123.95944213867188,252571700
28/6/2024,124.58000183105469,127.70999908447266,122.75,123.54000091552734,123.50955963134766,315516700
1/7/2024,123.47000122070312,124.83999633789062,118.83000183105469,124.30000305175781,124.26937866210938,284885500
2/7/2024,121.12999725341797,123.41000366210938,121.02999877929688,122.66999816894531,122.6397705078125,218374000
3/7/2024,121.66000366210938,128.27999877929688,121.36000061035156,128.27999877929688,128.24839782714844,215749000
5/7/2024,127.37999725341797,128.85000610351562,125.68000030517578,125.83000183105469,125.79899597167969,214176700
8/7/2024,127.48999786376953,130.77000427246094,127.04000091552734,128.1999969482422,128.16839599609375,237677300
9/7/2024,130.35000610351562,133.82000732421875,128.64999389648438,131.3800048828125,131.34764099121094,285366600
10/7/2024,134.02999877929688,135.10000610351562,132.4199981689453,134.91000366210938,134.87677001953125,248978600
11/7/2024,135.75,136.14999389648438,127.05000305175781,127.4000015258789,127.36861419677734,374782700
12/7/2024,128.25999450683594,131.9199981689453,127.22000122070312,129.24000549316406,129.2081756591797,252680500
15/7/2024,130.55999755859375,131.38999938964844,127.18000030517578,128.44000244140625,128.40835571289062,208326200
16/7/2024,128.44000244140625,129.0399932861328,124.58000183105469,126.36000061035156,126.32886505126953,214769500
17/7/2024,121.3499984741211,121.8499984741211,116.72000122070312,117.98999786376953,117.96092987060547,390086200
18/7/2024,121.8499984741211,122.4000015258789,116.55999755859375,121.08999633789062,121.0601577758789,320979500
19/7/2024,120.3499984741211,121.5999984741211,117.37000274658203,117.93000030517578,117.90094757080078,217223800
22/7/2024,120.3499984741211,124.06999969482422,119.86000061035156,123.54000091552734,123.50955963134766,258068900
23/7/2024,122.77999877929688,124.69000244140625,122.0999984741211,122.58999633789062,122.5597915649414,173911000
24/7/2024,119.16999816894531,119.94999694824219,113.44000244140625,114.25,114.22184753417969,327776900
25/7/2024,113.04000091552734,116.62999725341797,106.30000305175781,112.27999877929688,112.25233459472656,460067000
26/7/2024,116.19000244140625,116.19999694824219,111.58000183105469,113.05999755859375,113.03213500976562,293399100
29/7/2024,113.69000244140625,116.27999877929688,111.30000305175781,111.58999633789062,111.5625,248152100
30/7/2024,111.5199966430664,111.98999786376953,102.54000091552734,103.7300033569336,103.7044448852539,486833300
31/7/2024,112.9000015258789,118.33999633789062,110.87999725341797,117.0199966430664,116.99115753173828,473174200
1/8/2024,117.52999877929688,120.16000366210938,106.80999755859375,109.20999908447266,109.18309783935547,523462300
2/8/2024,103.76000213623047,108.72000122070312,101.37000274658203,107.2699966430664,107.24356079101562,482027500
5/8/2024,92.05999755859375,103.41000366210938,90.69000244140625,100.44999694824219,100.42524719238281,552842400
6/8/2024,103.83999633789062,107.70999908447266,100.55000305175781,104.25,104.22431182861328,409012100
7/8/2024,107.80999755859375,108.80000305175781,98.69000244140625,98.91000366210938,98.88563537597656,411440400
8/8/2024,102,105.5,97.51999664,104.97000122070312,104.94413757324219,391910000
9/8/2024,105.63999938964844,106.5999984741211,103.43000030517578,104.75,104.72418975830078,290844200
12/8/2024,106.31999969482422,111.06999969482422,106.26000213623047,109.0199966430664,108.9931411743164,325559900
13/8/2024,112.44000244140625,116.2300033569336,111.58000183105469,116.13999938964844,116.11138153076172,312646700
14/8/2024,118.52999877929688,118.5999984741211,114.06999969482422,118.08000183105469,118.05091094970703,339246400
15/8/2024,118.76000213623047,123.23999786376953,117.47000122070312,122.86000061035156,122.8297348022461,318086700
16/8/2024,121.94000244140625,125,121.18000030517578,124.58000183105469,124.54930114746094,302589900
19/8/2024,124.27999877929688,130,123.41999816894531,130,129.9679718017578,318333600
20/8/2024,128.39999389648438,129.8800048828125,125.88999938964844,127.25,127.21864318847656,300087400
21/8/2024,127.31999969482422,129.35000610351562,126.66000366210938,128.5,128.46835327148438,257883600
22/8/2024,130.02000427246094,130.75,123.0999984741211,123.73999786376953,123.70951080322266,376189100
23/8/2024,125.86000061035156,129.60000610351562,125.22000122070312,129.3699951171875,129.33811950683594,323230300
26/8/2024,129.57000732421875,131.25999450683594,124.37000274658203,126.45999908447266,126.42884063720703,331964700
27/8/2024,125.05000305175781,129.1999969482422,123.87999725341797,128.3000030517578,128.26840209960938,303134600
28/8/2024,128.1199951171875,128.3300018310547,122.63999938964844,125.61000061035156,125.57905578613281,448101100
29/8/2024,121.36000061035156,124.43000030517578,116.70999908447266,117.58999633789062,117.56102752685547,453023300
30/8/2024,119.52999877929688,121.75,117.22000122070312,119.37000274658203,119.34059143066406,333751600
3/9/2024,116.01000213623047,116.20999908447266,107.29000091552734,108,107.9733887,477155100
4/9/2024,105.41000366210938,113.2699966430664,104.12000274658203,106.20999908447266,106.18383026123047,372470300
5/9/2024,104.98999786376953,109.6500015258789,104.76000213623047,107.20999908447266,107.18358612060547,306850700
6/9/2024,108.04000091552734,108.1500015258789,100.94999694824219,102.83000183105469,102.8046646118164,413638100
9/9/2024,104.87999725341797,106.55000305175781,103.69000244140625,106.47000122070312,106.44377136230469,273912000
10/9/2024,107.80999755859375,109.4000015258789,104.94999694824219,108.0999984741211,108.0733642578125,268283700
11/9/2024,109.38999938964844,117.19000244140625,107.41999816894531,116.91000366210938,116.88119506835938,441422400
12/9/2024,116.83999633789062,120.79000091552734,115.37999725341797,119.13999938964844,119.12083435058594,367100500
13/9/2024,119.08000183105469,119.95999908447266,117.5999984741211,119.0999984741211,119.0808334350586,238358300
16/9/2024,116.79000091552734,118.18000030517578,114.36000061035156,116.77999877929688,116.7612075805664,248772300
17/9/2024,118.16999816894531,118.80000305175781,114.83000183105469,115.58999633789062,115.57140350341797,231925900
18/9/2024,115.88999938964844,117.69999694824219,113.22000122070312,113.37000274658203,113.35176086425781,310318900
19/9/2024,117.3499984741211,119.66000366210938,117.25,117.87000274658203,117.85104370117188,293506400
20/9/2024,117.05999755859375,118.62000274658203,115.38999938964844,116,115.98133850097656,382462400
23/9/2024,116.55000305175781,116.98999786376953,114.86000061035156,116.26000213623047,116.24130249023438,206228500
24/9/2024,116.5199966430664,121.80000305175781,115.37999725341797,120.87000274658203,120.85055541992188,354966800
25/9/2024,122.0199966430664,124.94000244140625,121.61000061035156,123.51000213623047,123.4901351928711,284692900
26/9/2024,126.80000305175781,127.66999816894531,121.80000305175781,124.04000091552734,124.02005004882812,302582900
27/9/2024,123.97000122070312,124.02999877929688,119.26000213623047,121.4000015258789,121.38047790527344,271009200
30/9/2024,118.30999755859375,121.5,118.1500015258789,121.44000244140625,121.42046356201172,226553700
1/10/2024,121.7699966430664,122.44000244140625,115.79000091552734,117,116.9811782836914,302094500
2/10/2024,116.44000244140625,119.37999725341797,115.13999938964844,118.8499984741211,118.83087921142578,221845900
3/10/2024,120.91999816894531,124.36000061035156,120.33999633789062,122.8499984741211,122.83023834228516,277118000
4/10/2024,124.94000244140625,125.04000091552734,121.83000183105469,124.91999816894531,124.8999023,243678100
7/10/2024,124.98999786376953,130.63999938964844,124.94999694824219,127.72000122070312,127.69945526123047,346250200
8/10/2024,130.25999450683594,133.47999572753906,129.4199981689453,132.88999938964844,132.86862182617188,285722500
9/10/2024,134.11000061035156,134.52000427246094,131.3800048828125,132.64999389648438,132.62864685058594,246191600
10/10/2024,131.91000366210938,135,131,134.80999755859375,134.78829956054688,242311300
11/10/2024,134.00999450683594,135.77999877929688,133.66000366210938,134.8000030517578,134.7783203,170209500
14/10/2024,136.47000122070312,139.60000610351562,136.3000030517578,138.07000732421875,138.0478057861328,232347700
15/10/2024,137.8699951171875,138.57000732421875,128.74000549316406,131.60000610351562,131.57884216308594,377831000
16/10/2024,133.97999572753906,136.6199951171875,131.5800018310547,135.72000122070312,135.6981658935547,264879700
17/10/2024,139.33999633789062,140.88999938964844,136.8699951171875,136.92999267578125,136.90797424316406,306435900
18/10/2024,138.6699981689453,138.89999389648438,137.27999877929688,138,137.97779846191406,176090200
21/10/2024,138.1300048828125,143.7100067138672,138,143.7100067138672,143.6868896484375,264554500
22/10/2024,142.91000366210938,144.4199981689453,141.77999877929688,143.58999633789062,143.56690979003906,226311600
23/10/2024,142.02999877929688,142.42999267578125,137.4600067138672,139.55999755859375,139.5375518798828,285930000
24/10/2024,140.82000732421875,141.35000610351562,138.4600067138672,140.41000366210938,140.38742065429688,172354900
25/10/2024,140.92999267578125,144.1300048828125,140.8000030517578,141.5399932861328,141.51722717285156,205122100
28/10/2024,143,143.13999938964844,140.0500030517578,140.52000427246094,140.49740600585938,173586700
29/10/2024,140.2899932861328,142.25999450683594,138.89999389648438,141.25,141.22727966308594,157593600
30/10/2024,139.5399932861328,140.3300018310547,136.80999755859375,139.33999633789062,139.3175811767578,179418100
31/10/2024,137.60000610351562,137.61000061035156,132.11000061035156,132.75999450683594,132.7386474609375,270039600
1/11/2024,134.6999969482422,137.30999755859375,134.57000732421875,135.39999389648438,135.3782196044922,207127800
4/11/2024,137.2100067138672,138.9600067138672,135.57000732421875,136.0500030517578,136.0281219482422,187528200
5/11/2024,137.4499969482422,140.3699951171875,137.3300018310547,139.91000366210938,139.8874969482422,160537400
6/11/2024,142.9600067138672,146.49000549316406,141.9600067138672,145.61000061035156,145.58657836914062,242043900
7/11/2024,146.38999938964844,148.92999267578125,146.1699981689453,148.8800048828125,148.85606384277344,207323300
8/11/2024,148.77000427246094,149.77000427246094,146.25999450683594,147.6300048828125,147.6062469482422,175665800
11/11/2024,148.67999267578125,148.85000610351562,143.57000732421875,145.25999450683594,145.2366180419922,182325600
12/11/2024,146.77999877929688,149.64999389648438,146.00999450683594,148.2899932861328,148.26612854003906,198634700
13/11/2024,149.07000732421875,149.3300018310547,145.89999389648438,146.27000427246094,146.24647521972656,191903300
14/11/2024,147.63999938964844,149,145.5500030517578,146.75999450683594,146.7363739013672,194463300
15/11/2024,144.8699951171875,145.24000549316406,140.0800018310547,141.97999572753906,141.9571533203125,250132900
18/11/2024,139.5,141.5500030517578,137.14999389648438,140.14999389648438,140.1274414,221866000
19/11/2024,141.32000732421875,147.1300048828125,140.99000549316406,147.00999450683594,146.98634338378906,227834900
20/11/2024,147.41000366210938,147.55999755859375,142.72999572753906,145.88999938964844,145.8665313720703,309871700
21/11/2024,149.35000610351562,152.88999938964844,140.6999969482422,146.6699981689453,146.6464080810547,400946600
22/11/2024,145.92999267578125,147.16000366210938,141.10000610351562,141.9499969482422,141.92715454101562,236406200
25/11/2024,141.99000549316406,142.0500030517578,135.82000732421875,136.02000427246094,135.9981231689453,344941900
26/11/2024,137.6999969482422,139.3000030517578,135.6699981689453,136.9199981689453,136.89797973632812,190287700
27/11/2024,135.00999450683594,137.22000122070312,131.8000030517578,135.33999633789062,135.31822204589844,226370900
29/11/2024,136.77999877929688,139.35000610351562,136.0500030517578,138.25,138.22776794433594,141863200
2/12/2024,138.8300018310547,140.4499969482422,137.82000732421875,138.6300048828125,138.60769653320312,171682800
3/12/2024,138.25999450683594,140.5399932861328,137.9499969482422,140.25999450683594,140.23744201660156,164414000
4/12/2024,142,145.7899932861328,140.2899932861328,145.13999938964844,145.1166534423828,231224300
5/12/2024,145.11000061035156,146.5399932861328,143.9499969482422,145.05999755859375,145.04666137695312,172621200
6/12/2024,144.60000610351562,145.6999969482422,141.30999755859375,142.44000244140625,142.42689514160156,188505600
9/12/2024,138.97000122070312,139.9499969482422,137.1300048828125,138.80999755859375,138.79722595214844,189308600
10/12/2024,139.00999450683594,141.82000732421875,133.7899932861328,135.07000732421875,135.05758666992188,210020900
11/12/2024,137.36000061035156,140.1699981689453,135.2100067138672,139.30999755859375,139.29718017578125,184905200
12/12/2024,137.0800018310547,138.44000244140625,135.8000030517578,137.33999633789062,137.32736206054688,159211400
13/12/2024,138.94000244140625,139.60000610351562,132.5399932861328,134.25,134.23765563964844,231514900
16/12/2024,134.17999267578125,134.39999389648438,130.4199981689453,132,131.98785400390625,237951100
17/12/2024,129.08999633789062,131.58999633789062,126.86000061035156,130.38999938964844,130.3780059814453,259410300
18/12/2024,133.86000061035156,136.6999969482422,128.27999877929688,128.91000366210938,128.8981475830078,277444500
19/12/2024,131.75999450683594,134.02999877929688,129.5500030517578,130.67999267578125,130.6679688,209719200
20/12/2024,129.80999755859375,135.27999877929688,128.22000122070312,134.6999969482422,134.68760681152344,306528600
23/12/2024,136.27999877929688,139.7899932861328,135.1199951171875,139.6699981689453,139.6571502685547,176053500
24/12/2024,140,141.89999389648438,138.64999389648438,140.22000122070312,140.2071075439453,105157000
26/12/2024,139.6999969482422,140.85000610351562,137.72999572753906,139.92999267578125,139.91712951660156,116205600
27/12/2024,138.5500030517578,139.02000427246094,134.7100067138672,137.00999450683594,136.9973907470703,170582600
30/12/2024,134.8300018310547,140.27000427246094,134.02000427246094,137.49000549316406,137.47735595703125,167734700
31/12/2024,138.02999877929688,138.07000732421875,133.8300018310547,134.2899932861328,134.27764892578125,155659200
